make,model,year,full_name,price,location,mileage,date_posted,link
Toyota,Sienna,2013,2013 Toyota Sienna LE 7 PASSENGER,17950,"1205 Finch Avenue West, Toronto, ON, M3J 2E8",106000,2018-06-19 08:02:48,https://www.kijiji.ca/v-cars-trucks/city-of-toronto/2013-toyota-sienna-le-7-passenger/1360480425
Toyota,Sienna,2000,Toyota Sienna 2000 (200K MILAGE),2500,"Toronto, ON M5A 4K1",200000,2018-06-20 00:46:26,https://www.kijiji.ca/v-cars-trucks/city-of-toronto/toyota-sienna-2000-200k-milage/1364074132
Toyota,Sienna,2013,2013 TOYOTA SIENNA V6,14888,"4560 Dufferin Street, Toronto, ON, M3H 5S7",143221,2018-06-19 23:48:26,https://www.kijiji.ca/v-cars-trucks/city-of-toronto/2013-toyota-sienna-v6/1364064746
Toyota,Sienna,2011,"2011 Toyota Sienna SE 8 PASSENGER DVD,CAMERA DEALER SERVICED",14500,"310 Queen Street East, Brampton, ON, L6V 1C2",227706,2018-06-20 00:12:01,https://www.kijiji.ca/v-cars-trucks/mississauga-peel-region/2011-toyota-sienna-se-8-passenger-dvd-camera-dealer-serviced/1364064359
Toyota,Sienna,2006,"2006 Toyota Sienna LE Minivan, Van, Call 647-328-8824, 8 Seats",4995,"Toronto, ON M1X0A5",141000,2018-06-20 00:37:46,https://www.kijiji.ca/v-cars-trucks/city-of-toronto/2006-toyota-sienna-le-minivan-van-call-647-328-8824-8-seats/1364077695
Toyota,Sienna,2017,2017 Toyota Sienna,29900,"2 Maritime Ontario Blvd, Brampton, ON, L6S 0C2",49655,2018-06-20 00:13:17,https://www.kijiji.ca/v-cars-trucks/mississauga-peel-region/2017-toyota-sienna/1356701177
Toyota,Sienna,2002,LOW KM 2002 TOYOTA SIENNA FAMILY VAN,3500,"Brampton, ON L6R0T6",183571,2018-06-20 04:33:05,https://www.kijiji.ca/v-cars-trucks/mississauga-peel-region/low-km-2002-toyota-sienna-family-van/1364114295
Toyota,Sienna,2011,2011 Toyota Sienna LE 7 Passenger,12995,"4614 Kingston Rd, Toronto, ON, M1E 2P4",134167,2018-06-18 19:54:09,https://www.kijiji.ca/v-cars-trucks/city-of-toronto/2011-toyota-sienna-le-7-passenger/1355974514
Toyota,Sienna,2012,2012 Toyota Sienna LTD,25995,"2336 Saint Clair Avenue West, Toronto, ON, M6N 1K8",64230,2018-06-20 00:07:21,https://www.kijiji.ca/v-cars-trucks/city-of-toronto/2012-toyota-sienna-ltd/1341426013
Toyota,Sienna,2011,2011 Toyota Sienna 7 Passenger Power Group,12995,"4614 Kingston Rd, Toronto, ON, M1E 2P4",134167,2018-06-19 23:18:00,https://www.kijiji.ca/v-cars-trucks/city-of-toronto/2011-toyota-sienna-7-passenger-power-group/1364055310
Toyota,Sienna,2008,2008 TOYOTA SIENNA CE 8 seater $3900,3900,"Brampton, ON L6X",299000,2018-06-20 08:42:05,https://www.kijiji.ca/v-cars-trucks/mississauga-peel-region/2008-toyota-sienna-ce-8-seater-3900/1364126083
Toyota,Sienna,2012,2012 Toyota Sienna SE LEATHER SUNROOF 8 PASSENGER ALLOYS BACKUP ,17850,"1205 Finch Avenue West, Toronto, ON, M3J 2E8",146000,2018-06-20 08:03:10,https://www.kijiji.ca/v-cars-trucks/city-of-toronto/2012-toyota-sienna-se-leather-sunroof-8-passenger-alloys-backup/1357118920
Toyota,Sienna,2013,2013 Toyota Sienna LE 7 PASSENGER BLUETOOTH,17450,"1205 Finch Avenue West, Toronto, ON, M3J 2E8",115000,2018-06-15 21:48:35,https://www.kijiji.ca/v-cars-trucks/city-of-toronto/2013-toyota-sienna-le-7-passenger-bluetooth/1338088890
Toyota,Sienna,2013,2013 Toyota Sienna LE | 8PASS | ONE OWNER,20495,"1500 Dundas St E, London, ON, N5W 3B9",98018,2018-06-15 08:36:03,https://www.kijiji.ca/v-cars-trucks/london/2013-toyota-sienna-le-8pass-one-owner/1362990326
Toyota,Sienna,2009,2009 Toyota Sienna LE,6988,"1475 Albion Road, Toronto, ON, M9V1B1",237000,2018-06-14 14:53:57,https://www.kijiji.ca/v-cars-trucks/city-of-toronto/2009-toyota-sienna-le/1361336823
Toyota,Sienna,2013,2013 Toyota Sienna V6-DUAL DVD,16888,"1882 Lawrence Avenue East, Scarborough, ON, M1R 2Y5",88726,2018-06-19 17:12:39,https://www.kijiji.ca/v-cars-trucks/city-of-toronto/2013-toyota-sienna-v6-dual-dvd/1362989873
Toyota,Sienna,2009,2009 Toyota Sienna LIMITED/NAVI/LEATHER/SUNROOF/AWD,12888,"1882 Lawrence Avenue East, Scarborough, ON, M1R 2Y5",126773,2018-06-19 17:13:59,https://www.kijiji.ca/v-cars-trucks/city-of-toronto/2009-toyota-sienna-limited-navi-leather-sunroof-awd/1347321460
Toyota,Sienna,1999,1999 Sienna XLE For Sale!,1100,"Brampton, ON L6P1M5",368333,2018-06-19 19:28:14,https://www.kijiji.ca/v-cars-trucks/mississauga-peel-region/1999-sienna-xle-for-sale/1364004864
Toyota,Sienna,2010,"2010 Toyota Sienna, Automatic, 7 Pass,  3 years warranty availab",8800,"10 Lepage Ct, North York, ON M3J 1Z9, Canada",N/A,2018-06-19 21:01:24,https://www.kijiji.ca/v-cars-trucks/city-of-toronto/2010-toyota-sienna-automatic-7-pass-3-years-warranty-availab/1364017707
Toyota,Sienna,2004,2004 TOYOTA SIENNA LE.*8 PASSENGER VAN*,None,"Ajax, ON L1Z0C1",215000,2018-06-19 20:21:22,https://www.kijiji.ca/v-cars-trucks/oshawa-durham-region/2004-toyota-sienna-le-8-passenger-van/1364017411
Toyota,Sienna,2012,Toyota Sienna 2012,16888,"Oakville, ON L6M0L9",111000,2018-06-19 21:05:39,https://www.kijiji.ca/v-cars-trucks/oakville-halton-region/toyota-sienna-2012/1364016616
Toyota,Sienna,2014,2014 Toyota Sienna AWD LIMITED PKG. NAVIGATION LEATHER DUAL MOON,32888,"88 Auto Vaughan Drive, Vaughan, ON, L6A 4A1",82990,2018-06-19 20:26:36,https://www.kijiji.ca/v-cars-trucks/markham-york-region/2014-toyota-sienna-awd-limited-pkg-navigation-leather-dual-moon/1356228060
Toyota,Sienna,2011,2011 TOYOTA SIENNA,11900,"Rannie Road, Newmarket, ON",168000,2018-06-19 21:41:15,https://www.kijiji.ca/v-cars-trucks/markham-york-region/2011-toyota-sienna/1364036083
Toyota,Sienna,2004,2004 Toyota Sienna Minivan,2500,"Mississauga, ON, Canada, L5R4C8",265000,2018-06-19 21:57:16,https://www.kijiji.ca/v-cars-trucks/mississauga-peel-region/2004-toyota-sienna-minivan/1364029371
Toyota,Sienna,2004,"2004 Toyota Sienna LE Minivan, Van",4000,"Toronto, ON M1E2M7",208000,2018-06-19 22:35:48,https://www.kijiji.ca/v-cars-trucks/city-of-toronto/2004-toyota-sienna-le-minivan-van/1364047919
Toyota,Sienna,2002,Toyota Sienna 2002 CE Plus,3800,"Mississauga, ON L5M 0L3",273000,2018-06-19 17:06:28,https://www.kijiji.ca/v-cars-trucks/mississauga-peel-region/toyota-sienna-2002-ce-plus/1363970922
Toyota,Sienna,2005,2005 Toyota Sienna LE 7 Passenger,6900,"1425 Kennedy Road, Scarborough, ON, M1P 2L6",193850,2018-06-19 15:06:09,https://www.kijiji.ca/v-cars-trucks/markham-york-region/2005-toyota-sienna-le-7-passenger/1363939244
Toyota,Sienna,2012,2012 Toyota Sienna SE-LEATHER-SUNROOF-CLEAN CARPROOF,16888,"1882 Lawrence Avenue East, Scarborough, ON, M1R 2Y5",168781,2018-06-19 17:11:32,https://www.kijiji.ca/v-cars-trucks/city-of-toronto/2012-toyota-sienna-se-leather-sunroof-clean-carproof/1355835287
Toyota,Sienna,2004,"2004 Toyota Sienna LE, certified, 8 passenger!",4900,"170 Ellesmere Rd, Toronto, ON, M1R 4C8",203600,2018-06-19 16:06:06,https://www.kijiji.ca/v-cars-trucks/city-of-toronto/2004-toyota-sienna-le-certified-8-passenger/1363954809
Toyota,Sienna,2012,2012 Toyota Sienna CE,9950,"6143 Kingston Road, Scarborough, ON, M1C 1K7",268000,2018-06-05 19:42:07,https://www.kijiji.ca/v-cars-trucks/city-of-toronto/2012-toyota-sienna-ce/1360622437
Toyota,Sienna,2010,"2010 Toyota Sienna CE,2Ac/Heat Zone,7Passenger*Certified*",7888,"395 Dundas Street E, Mississauga, ON, L5A 1X4",196600,2018-06-19 10:06:08,https://www.kijiji.ca/v-cars-trucks/city-of-toronto/2010-toyota-sienna-ce-2ac-heat-zone-7passenger-certified/1363885030
Toyota,Sienna,2014,2014 Toyota Sienna -,20888,"7685 Martingrove Road, Vaughan, ON, L4L 1B5",120099,2018-06-19 07:37:34,https://www.kijiji.ca/v-cars-trucks/markham-york-region/2014-toyota-sienna/1363875572
Toyota,Sienna,2014,2014 Toyota Sienna LE,26400,"1897 Eglinton Avenue East, Toronto, ON, M1L 2L6",83535,2018-06-19 08:42:04,https://www.kijiji.ca/v-cars-trucks/city-of-toronto/2014-toyota-sienna-le/1363877602
Toyota,Sienna,2016,2016 Toyota Sienna LE 8 Passengers Power Doors,25900,"690 Queen Street West, Brampton, ON, L6X 3E1",82000,2018-06-19 07:30:03,https://www.kijiji.ca/v-cars-trucks/mississauga-peel-region/2016-toyota-sienna-le-8-passengers-power-doors/1363874097
Toyota,Sienna,2014,2014 Toyota Sienna SE|ACC FREE|7 PASS|BACK CAM|ROOF|BTOOTH,27590,"5362 Highway 7, Markham, ON, L3P 1B9",48823,2018-06-19 07:42:03,https://www.kijiji.ca/v-cars-trucks/markham-york-region/2014-toyota-sienna-se-acc-free-7-pass-back-cam-roof-btooth/1363875724
Toyota,Sienna,2018,2018 Toyota Sienna SE 8-Passenger SE 8-Passenger,49505,"312 Guelph St, Georgetown, ON, L7G 4B5",None,2018-06-19 07:12:05,https://www.kijiji.ca/v-cars-trucks/mississauga-peel-region/2018-toyota-sienna-se-8-passenger-se-8-passenger/1363873045
Toyota,Sienna,2018,2018 Toyota Sienna XLE 7-Passenger XLE 7-Passenger,55830,"312 Guelph St, Georgetown, ON, L7G 4B5",None,2018-06-19 07:12:05,https://www.kijiji.ca/v-cars-trucks/mississauga-peel-region/2018-toyota-sienna-xle-7-passenger-xle-7-passenger/1363873046
Toyota,Sienna,2011,2011 TOYOTA SIENNA,11900,"Rannie Road, Newmarket, ON",168000,2018-06-19 13:13:59,https://www.kijiji.ca/v-cars-trucks/markham-york-region/2011-toyota-sienna/1363911393
Toyota,Sienna,2002,Toyota Sienna Van 2002 CE plus,3800,"Mississauga, ON L5M 0L3",273000,2018-06-19 13:18:21,https://www.kijiji.ca/v-cars-trucks/mississauga-peel-region/toyota-sienna-van-2002-ce-plus/1363912347
Toyota,Sienna,2017,2017 Toyota Sienna NAVI|8PASS|POWER SLIDING DRS|REAR CAM,29495,"1630 Matheson Boulevard, Mississauga, ON, L4W 1Y4",56077,2018-06-19 13:25:46,https://www.kijiji.ca/v-cars-trucks/mississauga-peel-region/2017-toyota-sienna-navi-8pass-power-sliding-drs-rear-cam/1356792187
Toyota,Sienna,2015,2015 TOYOTA Sienna LE 8,31000,"Woodbridge, ON L4H, Canada",26000,2018-06-19 14:26:12,https://www.kijiji.ca/v-cars-trucks/mississauga-peel-region/2015-toyota-sienna-le-8/1363929260
Toyota,Sienna,2018,2018 Toyota Sienna LE 8-Passenger LE 8-Passenger,40375,"312 Guelph St, Georgetown, ON, L7G 4B5",None,2018-06-19 11:00:20,https://www.kijiji.ca/v-cars-trucks/mississauga-peel-region/2018-toyota-sienna-le-8-passenger-le-8-passenger/1363889634
Toyota,Sienna,2018,2018 Toyota Sienna XLE 7-Passenger XLE 7-Passenger,55830,"312 Guelph St, Georgetown, ON, L7G 4B5",None,2018-06-19 11:00:21,https://www.kijiji.ca/v-cars-trucks/mississauga-peel-region/2018-toyota-sienna-xle-7-passenger-xle-7-passenger/1363889638
Toyota,Sienna,2014,2014 Toyota Sienna SE | 8-PASSENGER | LEATHER | POWER DOORS | SU,23995,"1122 Westport Crescent, Mississauga, ON, L5T 1G1",108278,2018-06-19 06:25:43,https://www.kijiji.ca/v-cars-trucks/mississauga-peel-region/2014-toyota-sienna-se-8-passenger-leather-power-doors-su/1363869661
Toyota,Sienna,2007,"2007 TOYOTA SIENNA LE 7 Passenger | A/C, KEYLESS ENTRY, 16 WHEEL",11995,"2411 Motorway Boulevard, Mississauga, ON, L5L 3R2",137801,2018-06-19 06:30:10,https://www.kijiji.ca/v-cars-trucks/mississauga-peel-region/2007-toyota-sienna-le-7-passenger-a-c-keyless-entry-16-wheel/1363870308
Toyota,Sienna,2008,2008 Toyota Sienna CE Ceritified Clean CarProof Accident Free.,5900,"4 Queen Street N, Mississauga, ON, L5N 1A1",244000,2018-06-19 06:42:15,https://www.kijiji.ca/v-cars-trucks/city-of-toronto/2008-toyota-sienna-ce-ceritified-clean-carproof-accident-free/1363871648
Toyota,Sienna,2014,2014 Toyota Sienna SE | 7 Passenger | NAVI | LEATHER | BLUETOOTH,20500,"1425 Kennedy Road, Scarborough, ON, M1P 2L6",83200,2018-06-19 15:06:09,https://www.kijiji.ca/v-cars-trucks/markham-york-region/2014-toyota-sienna-se-7-passenger-navi-leather-bluetooth/1363939272
Toyota,Sienna,2004,2004 Toyota Sienna CE FINANCE 100% APPROVED (CALL 647-761-4499),4950,"598 Danforth Road, Scarborough, ON, M1K 1E7",173365,2018-06-19 15:00:02,https://www.kijiji.ca/v-cars-trucks/city-of-toronto/2004-toyota-sienna-ce-finance-100-approved-call-647-761-4499/1363937227
Toyota,Sienna,2008,2008 Toyota sienna ,3950,"North York, Toronto, ON, Canada, M3J 2V7",321000,2018-06-18 21:44:55,https://www.kijiji.ca/v-cars-trucks/city-of-toronto/2008-toyota-sienna/1363775869
Toyota,Sienna,2004,2004 Toyota Sienna CE,5900,"5001 Steeles Avenue West, Toronto, ON, M9L 2X1",146800,2018-06-18 22:36:01,https://www.kijiji.ca/v-cars-trucks/city-of-toronto/2004-toyota-sienna-ce/1363785724
Toyota,Sienna,2011,Toyota Sienna SE,19850,"Aurora, ON L4G7T4",103900,2018-06-18 22:36:22,https://www.kijiji.ca/v-cars-trucks/markham-york-region/toyota-sienna-se/1363788241
Toyota,Sienna,2017,2017 Toyota Sienna,27900,"690 Queen Street West, Brampton, ON, L6X 3E1",48000,2018-06-19 00:05:43,https://www.kijiji.ca/v-cars-trucks/mississauga-peel-region/2017-toyota-sienna/1356321061
Toyota,Sienna,2005,2005 Toyota Sienna XLE,7900,"5001 Steeles Avenue West, Toronto, ON, M9L 2X1",187000,2018-06-18 22:30:01,https://www.kijiji.ca/v-cars-trucks/city-of-toronto/2005-toyota-sienna-xle/1363785668
Toyota,Sienna,2013,2013 Toyota Sienna SE 8 Pass~Sunroof~Back-up cam~Certified,19999,"4699 Keele Street, Toronto, ON, M3J 2N8",127900,2018-06-19 00:08:29,https://www.kijiji.ca/v-cars-trucks/city-of-toronto/2013-toyota-sienna-se-8-pass-sunroof-back-up-cam-certified/1341193664
Toyota,Sienna,2014,2014 Toyota Sienna LE 8 Passenger ~ ALL POWER OPTIONS ~ CERTIFIE,23899,"4699 Keele Street, Toronto, ON, M3J 2N8",78500,2018-06-19 00:14:57,https://www.kijiji.ca/v-cars-trucks/city-of-toronto/2014-toyota-sienna-le-8-passenger-all-power-options-certifie/1341230342
Toyota,Sienna,2014,2014 Toyota Sienna LE 8 PASS. ~ ALL POWER OPTIONS ~ BACK-UP CAME,23499,"4699 Keele Street, Toronto, ON, M3J 2N8",77550,2018-06-19 00:14:59,https://www.kijiji.ca/v-cars-trucks/city-of-toronto/2014-toyota-sienna-le-8-pass-all-power-options-back-up-came/1341230398
Toyota,Sienna,2006,Toyota Seiana 2006,6250,"5 Dunelm St, Scarborough, ON M1J 3G2, Canada",161000,2018-06-19 01:30:19,https://www.kijiji.ca/v-cars-trucks/city-of-toronto/toyota-seiana-2006/1363830110
Toyota,Sienna,2015,2015 Toyota Sienna XLE 7 Pass. ~ AWD ~ NAVIGATION ~ LEATHER ~,33499,"4699 Keele Street, Toronto, ON, M3J 2N8",68550,2018-06-19 00:14:59,https://www.kijiji.ca/v-cars-trucks/city-of-toronto/2015-toyota-sienna-xle-7-pass-awd-navigation-leather/1341230405
Toyota,Sienna,2006,Totoya Seinna ,None,"Markham, ON, Canada, l3s 4s2",175000,2018-06-19 02:47:33,https://www.kijiji.ca/v-cars-trucks/markham-york-region/totoya-seinna/1363844908
Toyota,Sienna,2009,2009 Toyota Sienna CE 7 Passenger ~ CERTIFIED ~,9499,"4699 Keele Street, Toronto, ON, M3J 2N8",163700,2018-06-19 00:15:00,https://www.kijiji.ca/v-cars-trucks/city-of-toronto/2009-toyota-sienna-ce-7-passenger-certified/1341230433
Toyota,Sienna,2007,2007 Toyota Sienna 7 Passenger A/C Certified,7990,"B-395 Rexdale Blvd, Etobicoke, ON, M9W 1R9",184345,2018-06-19 00:19:26,https://www.kijiji.ca/v-cars-trucks/city-of-toronto/2007-toyota-sienna-7-passenger-a-c-certified/1356472958
Toyota,Sienna,2017,"Lease takeover - 2017 Sienna LE, AWD",507,"Bowmanville, ON L1C4Z2",32000,2018-06-19 01:08:28,https://www.kijiji.ca/v-cars-trucks/oshawa-durham-region/lease-takeover-2017-sienna-le-awd/1363825197
Toyota,Sienna,2017,2017 Toyota Sienna LE 8 Passenger | Rear Camera | Bluetooth,30999,"2260 Battleford Rd, Mississauga, ON, L5N3K6",18213,2018-06-19 02:48:09,https://www.kijiji.ca/v-cars-trucks/mississauga-peel-region/2017-toyota-sienna-le-8-passenger-rear-camera-bluetooth/1363844783
Toyota,Sienna,2014,"2014 TOYOTA SIENNA LE LE 8 Passenger | B/T, KEYLESS ENTRY, 17 WH",None,"2411 Motorway Boulevard, Mississauga, ON, L5L 3R2",58790,2018-06-19 05:54:19,https://www.kijiji.ca/v-cars-trucks/mississauga-peel-region/2014-toyota-sienna-le-le-8-passenger-b-t-keyless-entry-17-wh/1363865619
Toyota,Sienna,2009,2009 Toyota Sienna LE,5995,"938514 Airport Rd, Mulmur, ON, L9V0M1",233000,2018-06-19 06:18:07,https://www.kijiji.ca/v-cars-trucks/mississauga-peel-region/2009-toyota-sienna-le/1363868523
Toyota,Sienna,2002,TOYOTA SIENNA 2002 LOW KM FAMILY VAN,3500,"Brampton, ON L6R0T6",183571,2018-06-18 19:08:13,https://www.kijiji.ca/v-cars-trucks/mississauga-peel-region/toyota-sienna-2002-low-km-family-van/1363735048
Toyota,Sienna,2003,2003 Toyota Sienna  $2600,None,"750 Oakdale Rd #8, North York, ON M3N 2Z4, Canada",320,2018-06-18 20:26:58,https://www.kijiji.ca/v-cars-trucks/city-of-toronto/2003-toyota-sienna-2600/1361280743
Toyota,Sienna,2006,2006 Sienna CE,3000,"Old Weston Rd, Woodbridge, ON L4L 8G7, Canada",326000,2018-06-18 20:35:53,https://www.kijiji.ca/v-cars-trucks/city-of-toronto/2006-sienna-ce/1363758486
Toyota,Sienna,2014,2014 Toyota Sienna XLE 7-pass V6 6A FULLY LOADED LIMITED PACKAGE,30588,"713003 1st Line East, Mono, ON, L9W 5S9",59475,2018-06-18 20:42:03,https://www.kijiji.ca/v-cars-trucks/mississauga-peel-region/2014-toyota-sienna-xle-7-pass-v6-6a-fully-loaded-limited-package/1363759543
Toyota,Sienna,2014,2014 Toyota Sienna LE 8 Pass V6 6A LOADED BLUETOOTH 8 PASS AND M,22899,"713003 1st Line East, Mono, ON, L9W 5S9",56351,2018-06-18 20:48:02,https://www.kijiji.ca/v-cars-trucks/mississauga-peel-region/2014-toyota-sienna-le-8-pass-v6-6a-loaded-bluetooth-8-pass-and-m/1363759557
Toyota,Sienna,2007,2007 TOYOTA SIENNA -LE,6600,"6720 Highway 7 West, Vaughan, ON, L4L 1A5",199000,2018-06-18 20:54:12,https://www.kijiji.ca/v-cars-trucks/markham-york-region/2007-toyota-sienna-le/1363762370
Toyota,Sienna,2008,Toyota sienna CE,7499,"Thorncliffe Park Dr, East York, ON M4H 1L7, Canada",241000,2018-06-18 00:38:52,https://www.kijiji.ca/v-cars-trucks/city-of-toronto/toyota-sienna-ce/1363574775
Toyota,Sienna,2011,2011 Toyota Sienna V6 3.5L LEATHER SEATS/CLEAN...,12985,"831 Kipling Ave, Etobicoke, ON, M8Z 5G8",164120,2018-06-18 00:49:07,https://www.kijiji.ca/v-cars-trucks/city-of-toronto/2011-toyota-sienna-v6-3-5l-leather-seats-clean/1348447411
Toyota,Sienna,2008,2008 Toyota Sienna minivan (equipped for disabled passenger),12500,"Toronto, ON M4K1A8",180600,2018-06-18 01:33:08,https://www.kijiji.ca/v-cars-trucks/city-of-toronto/2008-toyota-sienna-minivan-equipped-for-disabled-passenger/1358373305
Toyota,Sienna,2008,Toyota Sienna LE 2008,5400,"Thornhill, ON L3T",278000,2018-06-18 01:42:41,https://www.kijiji.ca/v-cars-trucks/markham-york-region/toyota-sienna-le-2008/1363586437
Toyota,Sienna,2011,"2011 Toyota Sienna Minivan, Van",14000,"Mississauga, ON L5M 0J4",228000,2018-06-18 03:09:53,https://www.kijiji.ca/v-cars-trucks/mississauga-peel-region/2011-toyota-sienna-minivan-van/1363599495
Toyota,Sienna,2011,PRICE TO GO 2011 TOYOTA SIENNA LE AWD FULLY LOADED,13500,"Mississauga, ON L5B 2C9",166000,2018-06-18 13:18:11,https://www.kijiji.ca/v-cars-trucks/mississauga-peel-region/price-to-go-2011-toyota-sienna-le-awd-fully-loaded/1363637885
Toyota,Sienna,2004,Used Car,4500,"Toronto, ON M4H1J6",185000,2018-06-18 14:59:04,https://www.kijiji.ca/v-cars-trucks/city-of-toronto/used-car/1363664060
Toyota,Sienna,2017,2017 Toyota Sienna LE 8 Passenger,31398,"1077 Leslie Street, Toronto, ON, M3C 2J7",32939,2018-06-18 15:09:34,https://www.kijiji.ca/v-cars-trucks/city-of-toronto/2017-toyota-sienna-le-8-passenger/1347321714
Toyota,Sienna,2013,"2013 Toyota Sienna LE, 8 PASS,ALLOYS, PL,PW,AC,RADIO  CERTIFIED",10999,"11409 Trafalgar Road, Georgetoen, ON, L7G 4S4",218866,2018-06-18 16:48:02,https://www.kijiji.ca/v-cars-trucks/mississauga-peel-region/2013-toyota-sienna-le-8-pass-alloys-pl-pw-ac-radio-certified/1363689141
Toyota,Sienna,2011,2011 Toyota Sienna Base,15555,"14 Stafford Dr, Brampton, ON, L6W1L4",136000,2018-06-20 13:07:50,https://www.kijiji.ca/v-cars-trucks/mississauga-peel-region/2011-toyota-sienna-base/1315855597
Toyota,Sienna,2004,2004 Toyota Sienna CE FINANCE 100% APPROVED (CALL 647-761-4499),4950,"598 Danforth Road, Scarborough, ON, M1K 1E7",173365,2018-06-18 19:06:01,https://www.kijiji.ca/v-cars-trucks/city-of-toronto/2004-toyota-sienna-ce-finance-100-approved-call-647-761-4499/1363731183
Toyota,Sienna,2011,2011 Toyota Sienna SEI,14300,"Newcastle, ON L1B1M3",168000,2018-06-18 21:18:51,https://www.kijiji.ca/v-cars-trucks/oshawa-durham-region/2011-toyota-sienna-sei/1363769430
Toyota,Sienna,2014,"2014 Toyota Sienna XLE, 3.5L V6, 6 Speed AT, FWD, Leather, 7 Sea",29988,"4611 Highway 7, Markham, ON, L3R 1M6",38384,2018-06-18 21:20:41,https://www.kijiji.ca/v-cars-trucks/city-of-toronto/2014-toyota-sienna-xle-3-5l-v6-6-speed-at-fwd-leather-7-sea/1362754240
Toyota,Sienna,2005,2005 Toyota sienna,6000,"Brampton, ON L6Y 5X2",235000,2018-06-17 19:40:51,https://www.kijiji.ca/v-cars-trucks/mississauga-peel-region/2005-toyota-sienna/1363515715
Toyota,Sienna,2001,2000 Toyota Sienna with STARTER looking for quick sale,1950,"Toronto, ON M1P3J2",320000,2018-06-17 20:20:46,https://www.kijiji.ca/v-cars-trucks/city-of-toronto/2000-toyota-sienna-with-starter-looking-for-quick-sale/1336467133
Toyota,Sienna,2006,2006 Toyota Sienna,6000,"Middlefield Rd, Scarborough, ON M1V, Canada",122000,2018-06-17 22:43:28,https://www.kijiji.ca/v-cars-trucks/city-of-toronto/2006-toyota-sienna/1363552327
Toyota,Sienna,2006,2006 Toyota Sienna CE,2700,"Aurora, ON L4G6G2",326000,2018-06-17 22:44:43,https://www.kijiji.ca/v-cars-trucks/markham-york-region/2006-toyota-sienna-ce/1363552565
Toyota,Sienna,2011,"2011 Toyota Sienna 7 Passenger, Alloy Wheels*No Accident*Certifi",9988,"395 Dundas Street E, Mississauga, ON, L5A 1X4",215000,2018-06-18 00:11:17,https://www.kijiji.ca/v-cars-trucks/city-of-toronto/2011-toyota-sienna-7-passenger-alloy-wheels-no-accident-certifi/1321984783
Toyota,Sienna,2012,2012 Toyota Sienna LE,10900,"3250 Danforth Avenue, Scarborough, ON, M1L 1C5",197580,2018-06-18 00:17:59,https://www.kijiji.ca/v-cars-trucks/city-of-toronto/2012-toyota-sienna-le/1356151726
Toyota,Sienna,2007,Toyota Sienna 2007,4900,"Markham, ON L3S 3V6",226000,2018-06-17 17:19:26,https://www.kijiji.ca/v-cars-trucks/city-of-toronto/toyota-sienna-2007/1363485038
Toyota,Sienna,2001,2001 Toyota Sienna XLE (AS IS),2000,"Toronto, ON M1H2E9",253306,2018-06-17 18:05:01,https://www.kijiji.ca/v-cars-trucks/city-of-toronto/2001-toyota-sienna-xle-as-is/1363495111
Toyota,Sienna,2011,"2011 Toyota Sienna SE 8 Passenger CAM, SUNROOF, 8 PASSENGER,",19888,"3715 Keele Street, Toronto, ON, M3J1N1",136333,2018-06-18 00:21:04,https://www.kijiji.ca/v-cars-trucks/markham-york-region/2011-toyota-sienna-se-8-passenger-cam-sunroof-8-passenger/1341119561
Toyota,Sienna,2015,2015 Toyota Sienna LIMITED 7 PASS | DVD | NAV | ONE OWNER | LOW ,38699,"677 Queen Street East, Toronto, ON, M4M 1G6",34192,2018-06-18 00:21:17,https://www.kijiji.ca/v-cars-trucks/city-of-toronto/2015-toyota-sienna-limited-7-pass-dvd-nav-one-owner-low/1356271329
Toyota,Sienna,2017,2017 Toyota Sienna SE 8 Passenger,38388,"2336 Saint Clair Avenue West, Toronto, ON, M6N 1K8",27485,2018-06-17 00:10:57,https://www.kijiji.ca/v-cars-trucks/city-of-toronto/2017-toyota-sienna-se-8-passenger/1348086771
Toyota,Sienna,2005,2005 Toyota Sienna LE !!!1 OWNER NO ACCIDENTS!!!,5995,"1818 Saint Clair Avenue West, Toronto, ON, M6N 1J5",208000,2018-06-17 00:18:50,https://www.kijiji.ca/v-cars-trucks/city-of-toronto/2005-toyota-sienna-le-1-owner-no-accidents/1355937784
Toyota,Sienna,2012,2012 Toyota Sienna SE|CRUISE CONTROL|HEATED MIRRORS|8 PASSENGER|,17999,"104 - 2765 Derry Road East, Mississauga, ON, L4T1A3",128228,2018-06-17 00:49:11,https://www.kijiji.ca/v-cars-trucks/city-of-toronto/2012-toyota-sienna-se-cruise-control-heated-mirrors-8-passenger/1355882008
Toyota,Sienna,2011,2011 Toyota Sienna,16600,"Mississauga, ON L5N 4B7",91000,2018-06-17 02:52:02,https://www.kijiji.ca/v-cars-trucks/mississauga-peel-region/2011-toyota-sienna/1363397071
Toyota,Sienna,2004,Toyota Van for sale,3800,"Brampton, ON L6X4X4",230000,2018-06-16 18:48:47,https://www.kijiji.ca/v-cars-trucks/mississauga-peel-region/toyota-van-for-sale/1363313120
Toyota,Sienna,2006,2006 Toyota Sienna,3999,"Orangeville, ON L9W 4Z9",268000,2018-06-16 20:51:16,https://www.kijiji.ca/v-cars-trucks/oakville-halton-region/2006-toyota-sienna/1363339220
Toyota,Sienna,2008,toyota sienna  for sale 2008,6800,"Toronto, ON M1R3H2",224361,2018-06-16 20:55:23,https://www.kijiji.ca/v-cars-trucks/city-of-toronto/toyota-sienna-for-sale-2008/1363340040
Toyota,Sienna,2014,2014 Toyota Sienna 7 Passenger,18995,"1630 Matheson Boulevard, Mississauga, ON, L4W 1Y4",88871,2018-06-16 21:31:51,https://www.kijiji.ca/v-cars-trucks/mississauga-peel-region/2014-toyota-sienna-7-passenger/1362258530
Toyota,Sienna,2004,2004 Toyota Sienna LE *CLEAN CLEAN CLEAN!,4500,"Lake Driveway West, Ajax, ON",270000,2018-06-16 23:49:17,https://www.kijiji.ca/v-cars-trucks/oshawa-durham-region/2004-toyota-sienna-le-clean-clean-clean/1363371612
Toyota,Sienna,2004,2004 Toyota Sienna CE | NAVIGATION | JUST TRADED | SOLD AS-IS,2800,"1122 Westport Crescent, Mississauga, ON, L5T 1G1",347251,2018-06-17 00:05:27,https://www.kijiji.ca/v-cars-trucks/mississauga-peel-region/2004-toyota-sienna-ce-navigation-just-traded-sold-as-is/1355832464
Toyota,Sienna,2013,2013 Toyota Sienna XLE Limited AWD Navigation Sunroof Leather,25950,"11 Saint Regis Crescent North, North York, ON, M3J 1Y9",117000,2018-06-16 00:20:19,https://www.kijiji.ca/v-cars-trucks/city-of-toronto/2013-toyota-sienna-xle-limited-awd-navigation-sunroof-leather/1355773695
Toyota,Sienna,2005,"2005 Toyota Sienna 7 Seater Low  ( 154,000 ) KM",4199.99,"Brampton, ON L6R 1C9",154000,2018-06-16 01:02:31,https://www.kijiji.ca/v-cars-trucks/mississauga-peel-region/2005-toyota-sienna-7-seater-low-154-000-km/1363174308
Toyota,Sienna,2004,2004 Toyota Sienna,3990,"Scarborough, ON M1M 1B3, Canada",218000,2018-06-16 11:49:26,https://www.kijiji.ca/v-cars-trucks/city-of-toronto/2004-toyota-sienna/1359520852
Toyota,Sienna,2004,2004 Toyota Sienna CE,5900,"5001 Steeles Avenue West, Toronto, ON, M9L 2X1",146800,2018-06-16 13:34:09,https://www.kijiji.ca/v-cars-trucks/city-of-toronto/2004-toyota-sienna-ce/1362453129
Toyota,Sienna,2005,"2005 Toyota Sienna CE Minivan, Van, certified",5999,"Melanie Dr #8, Brampton, ON L6T 4K8, Canada",148654,2018-06-16 13:41:57,https://www.kijiji.ca/v-cars-trucks/mississauga-peel-region/2005-toyota-sienna-ce-minivan-van-certified/1350091789
Toyota,Sienna,2005,2005 Toyota Sienna CE NO ACCIDENT!! CERTIFIED!!!,5749,"6 Rutherford Rd S, Brampton, ON, L6W 3J1",183120,2018-06-15 23:27:29,https://www.kijiji.ca/v-cars-trucks/mississauga-peel-region/2005-toyota-sienna-ce-no-accident-certified/1355070129
Toyota,Sienna,2013,2013 Toyota Sienna V6/7 PASSENGER,14999,"2424 Finch Avenue West, Toronto, ON, M9M 2E3",188000,2018-06-16 00:07:24,https://www.kijiji.ca/v-cars-trucks/city-of-toronto/2013-toyota-sienna-v6-7-passenger/1355589000
Toyota,Sienna,2012,"2012 Toyota Sienna LE P.SEATS,P.SLIDING door,Bluetooth,Certified",15475,"6470 Kingston Road, Scarborough, ON, M1C 1L4",177408,2018-06-16 00:19:46,https://www.kijiji.ca/v-cars-trucks/city-of-toronto/2012-toyota-sienna-le-p-seats-p-sliding-door-bluetooth-certified/1347996570
Toyota,Sienna,2005,2005 Toyota Sienna - very clean ,6500,"Toronto, ON M1J1X5",210000,2018-06-16 14:03:50,https://www.kijiji.ca/v-cars-trucks/city-of-toronto/2005-toyota-sienna-very-clean/1363240421
Toyota,Sienna,2003,Toyota Sienna LE 2003,3500,"Brampton, ON L6Y 1N6",216,2018-06-15 15:29:05,https://www.kijiji.ca/v-cars-trucks/mississauga-peel-region/toyota-sienna-le-2003/1363053084
Toyota,Sienna,2012,2012 TOYOTA SIENNA LE /P/SLIDING DOOR BACKUP CAMERA,14899,"60 Eastern Ave, Brampton, ON L6W 1X8, Canada",171500,2018-06-16 14:52:31,https://www.kijiji.ca/v-cars-trucks/mississauga-peel-region/2012-toyota-sienna-le-p-sliding-door-backup-camera/1357264921
Toyota,Sienna,2002,Clean and running perfect Toyota Sienna for sale.,3200,"Brampton, ON L6P3E2",314,2018-06-16 18:37:57,https://www.kijiji.ca/v-cars-trucks/mississauga-peel-region/clean-and-running-perfect-toyota-sienna-for-sale/1363310577
Toyota,Sienna,2005,2005 Toyota Sienna CE AWD,6900,"1974 Dundas St West Unit 3, Toronto, ON, M6R1W6",169663,2018-06-16 17:14:39,https://www.kijiji.ca/v-cars-trucks/city-of-toronto/2005-toyota-sienna-ce-awd/1351832666
Toyota,Sienna,2011,2011 Toyota Sienna SE|Sunroof|Back Up Camera|8-Passenger|,18800,"2620 Saint Clair Avenue West, York, ON, M6N 1M1",147358,2018-06-15 16:44:45,https://www.kijiji.ca/v-cars-trucks/city-of-toronto/2011-toyota-sienna-se-sunroof-back-up-camera-8-passenger/1337961322
Toyota,Sienna,2005,2005 Toyota Sienna LE KM 168000,6999,"60 Eastern Ave, Brampton, ON L6W 1X8, Canada",168000,2018-06-16 15:17:15,https://www.kijiji.ca/v-cars-trucks/mississauga-peel-region/2005-toyota-sienna-le-km-168000/1363259053
Toyota,Sienna,2011,2011 Toyota Sienna LE|8 Passenger|Back Up Cam|Accident Free|,16900,"2620 Saint Clair Avenue West, York, ON, M6N 1M1",113611,2018-06-15 16:45:09,https://www.kijiji.ca/v-cars-trucks/city-of-toronto/2011-toyota-sienna-le-8-passenger-back-up-cam-accident-free/1354554311
Toyota,Sienna,2006,"FS: 2006 Toyota Sienna CE Van~!! One Owner Low KMs~!!,",7950,"York, ON L3S2L9",99133,2018-06-15 22:20:24,https://www.kijiji.ca/v-cars-trucks/markham-york-region/fs:-2006-toyota-sienna-ce-van-one-owner-low-kms/1363146505
Toyota,Sienna,2011,"2011 Toyota Sienna 7 Pass, Automatic, 3/Y warranty available",11900,"10 Lepage Ct, North York, ON M3J 1Z9, Canada",N/A,2018-06-15 23:03:58,https://www.kijiji.ca/v-cars-trucks/city-of-toronto/2011-toyota-sienna-7-pass-automatic-3-y-warranty-available/1363153304
Toyota,Sienna,2007,"2007 Toyota Sienna ( 2nd owner, all records available )",3500,"Oakville, ON L6H 6J2",295585,2018-06-15 20:18:10,https://www.kijiji.ca/v-cars-trucks/oakville-halton-region/2007-toyota-sienna-2nd-owner-all-records-available/1363120128
Toyota,Sienna,2008,"2008 Toyota Sienna Minivan, Van",6700,"Fieldnest Crescent, Whitby, ON L1R 1Z5, Canada",224000,2018-06-15 05:02:35,https://www.kijiji.ca/v-cars-trucks/oshawa-durham-region/2008-toyota-sienna-minivan-van/1362981492
Toyota,Sienna,2015,2015 Toyota Sienna XLE,37600,"3300 Steeles Avenue East, Markham, ON, L3R 1G9",61322,2018-06-15 14:52:42,https://www.kijiji.ca/v-cars-trucks/markham-york-region/2015-toyota-sienna-xle/1359196451
Toyota,Sienna,2013,2013 Toyota Sienna,13495,"110 Canam Crescent, Brampton, ON, L7A 1A9",212572,2018-06-15 07:03:21,https://www.kijiji.ca/v-cars-trucks/mississauga-peel-region/2013-toyota-sienna/1352222841
Toyota,Sienna,2014,2014 Toyota Sienna LE/CAMERA/HEATED SEATS/BLUETOOTH/TRI-ZONE CLI,21998,"410 Steeles Avenue East, Milton, ON, L9T 1Y4",118678,2018-06-15 08:30:00,https://www.kijiji.ca/v-cars-trucks/oakville-halton-region/2014-toyota-sienna-le-camera-heated-seats-bluetooth-tri-zone-cli/1362989081
Toyota,Sienna,2015,2015 Toyota Sienna XLE Limited Package,34900,"3300 Steeles Avenue East, Markham, ON, L3R 1G9",99539,2018-06-15 14:52:16,https://www.kijiji.ca/v-cars-trucks/markham-york-region/2015-toyota-sienna-xle-limited-package/1358685337
Toyota,Sienna,2011,"2011 Toyota Sienna LE, 8 Passanger, 3 years warranty available",11900,"10 Lepage Ct, North York, ON M3J 1Z9, Canada",N/A,2018-06-15 01:59:57,https://www.kijiji.ca/v-cars-trucks/city-of-toronto/2011-toyota-sienna-le-8-passanger-3-years-warranty-available/1345246183
Toyota,Sienna,2018,2018 Toyota Sienna XLE 7-Passenger XLE 7-Passenger,55575,"312 Guelph St, Georgetown, ON, L7G 4B5",None,2018-06-15 07:00:06,https://www.kijiji.ca/v-cars-trucks/mississauga-peel-region/2018-toyota-sienna-xle-7-passenger-xle-7-passenger/1362986220
Toyota,Sienna,2015,2015 Toyota Sienna XLE,35150,"3300 Steeles Avenue East, Markham, ON, L3R 1G9",63430,2018-06-15 14:53:15,https://www.kijiji.ca/v-cars-trucks/markham-york-region/2015-toyota-sienna-xle/1359936517
Toyota,Sienna,2002,Toyota Sienna,None,"1600 Sandhurst Cir, Scarborough, ON M1V 2L4, Canada",196000,2018-06-15 15:12:02,https://www.kijiji.ca/v-cars-trucks/city-of-toronto/toyota-sienna/1362971529
Toyota,Sienna,2009,"2009 Toyota Sienna LE Minivan, Van 127698 MI NO KM",6995,"751 Kennedy Rd, Scarborough, ON M1K 2C7, Canada",127678,2018-06-15 15:18:16,https://www.kijiji.ca/v-cars-trucks/city-of-toronto/2009-toyota-sienna-le-minivan-van-127698-mi-no-km/1361309096
Toyota,Sienna,2013,Wheelchair Accessible VAN,45500,"Unionville, ON L3P 7E2",17000,2018-06-14 16:53:00,https://www.kijiji.ca/v-cars-trucks/markham-york-region/wheelchair-accessible-van/1362839118
Toyota,Sienna,2012,2012 Toyota Sienna V6 7 Passenger,17000,"3300 Steeles Avenue East, Markham, ON, L3R 1G9",135697,2018-06-15 14:53:58,https://www.kijiji.ca/v-cars-trucks/markham-york-region/2012-toyota-sienna-v6-7-passenger/1361163756
Toyota,Sienna,2017,2017 Toyota Sienna LE,31870,"3300 Steeles Avenue East, Markham, ON, L3R 1G9",28469,2018-06-15 14:54:18,https://www.kijiji.ca/v-cars-trucks/markham-york-region/2017-toyota-sienna-le/1362661769
Toyota,Sienna,2005,2005 Toyota Sienna CE - 7 Passenger Seating,7990,"1897 Wilson Avenue, North York, ON, M9M 1A2",148000,2018-06-14 20:06:11,https://www.kijiji.ca/v-cars-trucks/city-of-toronto/2005-toyota-sienna-ce-7-passenger-seating/1362888241
Toyota,Sienna,2017,2017 Toyota Sienna LE 8 Passenger,31220,"3300 Steeles Avenue East, Markham, ON, L3R 1G9",24430,2018-06-15 14:53:45,https://www.kijiji.ca/v-cars-trucks/markham-york-region/2017-toyota-sienna-le-8-passenger/1360747186
Toyota,Sienna,2011,2011 Toyota Sienna LE 8PASS 6CYL. POWER SLIDING DOORS ALLOYS 132,15980,"2555 Steeles Avenue West, North York, ON, M3J 2P1",132526,2018-06-14 22:30:55,https://www.kijiji.ca/v-cars-trucks/city-of-toronto/2011-toyota-sienna-le-8pass-6cyl-power-sliding-doors-alloys-132/1351963218
Toyota,Sienna,2004,Toyota Sienna Private Sale,3500,"Richmond Hill, ON L4B2P3",283000,2018-06-14 22:57:07,https://www.kijiji.ca/v-cars-trucks/markham-york-region/toyota-sienna-private-sale/1362871975
Toyota,Sienna,2016,2016 Toyota Sienna,18995,"2059 Bayly St, Pickering, ON, L1V 2P8",43353,2018-06-15 00:10:48,https://www.kijiji.ca/v-cars-trucks/city-of-toronto/2016-toyota-sienna/1355347127
Toyota,Sienna,2015,2015 Toyota Sienna LIMITED]Blindspot monitoring]Navigation]Heate,32994,"11240 Yonge Street, Richmond Hill, ON, L4S 1K9",92167,2018-06-15 01:48:14,https://www.kijiji.ca/v-cars-trucks/markham-york-region/2015-toyota-sienna-limited-blindspot-monitoring-navigation-heate/1350335156
Toyota,Sienna,2013,2013 Toyota Sienna LE Grey,21000,"Newmarket, ON, Canada, L3A",112000,2018-06-14 02:32:55,https://www.kijiji.ca/v-cars-trucks/markham-york-region/2013-toyota-sienna-le-grey/1362728152
Toyota,Sienna,2004,"2004 Toyota Sienna CE Minivan, Van COMES WITH  DVDVDVDVD",4500,"64 Old Kennedy Rd, Markham, ON L3R 0L6, Canada",218261,2018-06-14 03:16:35,https://www.kijiji.ca/v-cars-trucks/markham-york-region/2004-toyota-sienna-ce-minivan-van-comes-with-dvdvdvdvd/1337627885
Toyota,Sienna,2006,Toyota Sienna 2006 CE,4200,"Toronto, ON M6M5B7",195000,2018-06-14 13:06:11,https://www.kijiji.ca/v-cars-trucks/city-of-toronto/toyota-sienna-2006-ce/1362741121
Toyota,Sienna,2011,Must be seen ,18000,"Midland Ave, Scarborough, ON M1K 4E8, Canada",177000,2018-06-14 01:01:09,https://www.kijiji.ca/v-cars-trucks/city-of-toronto/must-be-seen/1362711035
Toyota,Sienna,2004,2004 TOYOTA SIENNA LE AMAZING 8 PASSENGER,4999,"2356 Hwy 50, Brampton, ON L6P 0G4, Canada",230213,2018-06-14 00:32:39,https://www.kijiji.ca/v-cars-trucks/mississauga-peel-region/2004-toyota-sienna-le-amazing-8-passenger/1362704834
Toyota,Sienna,2015,2015 Toyota Sienna SE,30900,"1897 Eglinton Avenue East, Toronto, ON, M1L 2L6",91128,2018-06-14 08:48:11,https://www.kijiji.ca/v-cars-trucks/city-of-toronto/2015-toyota-sienna-se/1362753256
Toyota,Sienna,2008,"2008 Toyota Sienna CE...DVD DVD..DVD..DVD Minivan, Van",8500,"64 Old Kennedy Rd, Markham, ON L3R 0L6, Canada",165095,2018-06-14 03:07:45,https://www.kijiji.ca/v-cars-trucks/markham-york-region/2008-toyota-sienna-ce-dvd-dvd-dvd-dvd-minivan-van/1289632204
Toyota,Sienna,2011,2011 Toyota V6 7 PASSENGER-TV/DVD-ALLOYS,12999,"301 Weston Road, Toronto, ON, M6N3P1",173000,2018-06-13 21:56:44,https://www.kijiji.ca/v-cars-trucks/city-of-toronto/2011-toyota-v6-7-passenger-tv-dvd-alloys/1260951467
Toyota,Sienna,2018,2018 Toyota Sienna SE|REAR VIEW CAMERA|HEATED SEATS|LEATHER,39950,"312 Guelph St, Georgetown, ON, L7G 4B5",14284,2018-06-14 08:54:03,https://www.kijiji.ca/v-cars-trucks/mississauga-peel-region/2018-toyota-sienna-se-rear-view-camera-heated-seats-leather/1362753290
Toyota,Sienna,2007,Toyota Sienna 07,3500,"Farr Ave, Etobicoke, ON M9V 2A5, Canada",190,2018-06-13 15:47:56,https://www.kijiji.ca/v-cars-trucks/mississauga-peel-region/toyota-sienna-07/1362575693
Toyota,Sienna,2013,2013 Toyota Sienna Base 7 Passenger | Automatic,17500,"300 Thickson Road South, Whitby, ON, L1N 9Z1",73916,2018-06-14 10:24:45,https://www.kijiji.ca/v-cars-trucks/oshawa-durham-region/2013-toyota-sienna-base-7-passenger-automatic/1362761339
Toyota,Sienna,2012,2012 Toyota Sienna LE,None,"410 Steeles Avenue East, Milton, ON, L9T 1Y4",N/A,2018-06-13 10:48:31,https://www.kijiji.ca/v-cars-trucks/oakville-halton-region/2012-toyota-sienna-le/1362515618
Toyota,Sienna,2017,"2017 Toyota Sienna LE- ALLOYS, HEATED SEATS, BACKUP CAM, POWER G",30995,"12080 Albion Vaughan Road, Bolton, ON, L7E 1S7",43942,2018-06-14 10:48:11,https://www.kijiji.ca/v-cars-trucks/mississauga-peel-region/2017-toyota-sienna-le-alloys-heated-seats-backup-cam-power-g/1338183757
Toyota,Sienna,2005,2005 Toyota Sienna 3.3 CE 7Passengers/ Pw rear windows.,6500,"3803 Dundas Street West, Toronto, ON, M6S 2T4",198000,2018-06-13 16:24:02,https://www.kijiji.ca/v-cars-trucks/city-of-toronto/2005-toyota-sienna-3-3-ce-7passengers-pw-rear-windows/1362585039
Toyota,Sienna,2014,"2014 Toyota Sienna LIMITED Minivan, Van",33800,"Vaughan, ON L4K1K8",48000,2018-06-14 12:55:11,https://www.kijiji.ca/v-cars-trucks/city-of-toronto/2014-toyota-sienna-limited-minivan-van/1341281409
Toyota,Sienna,2015,2015 Toyota Sienna CE] 7passanger]Bluetooth]Power group] One own,24781,"11240 Yonge Street, Richmond Hill, ON, L4S 1K9",86600,2018-06-13 19:03:17,https://www.kijiji.ca/v-cars-trucks/markham-york-region/2015-toyota-sienna-ce-7passanger-bluetooth-power-group-one-own/1353675253
Toyota,Sienna,2014,2014 Toyota Sienna XLE AWD| 7 PASSENGER| LEATHER| BLIND SPOT| RO,30999,"5500 Dixie Road, Mississauga, ON, L4W 4N3",104109,2018-06-13 20:42:02,https://www.kijiji.ca/v-cars-trucks/mississauga-peel-region/2014-toyota-sienna-xle-awd-7-passenger-leather-blind-spot-ro/1362650590
Toyota,Sienna,2014,2014 Toyota Sienna 5DR 7-Pass FWD: Accident Free!,23900,"1897 Eglinton Avenue East, Toronto, ON, M1L 2L6",76705,2018-06-13 21:28:46,https://www.kijiji.ca/v-cars-trucks/city-of-toronto/2014-toyota-sienna-5dr-7-pass-fwd:-accident-free/1361353246
Toyota,Sienna,2004,2004 Toyota Sienna LE,5200,"Markham Rd, Scarborough, ON M1H 2A3, Canada",156000,2018-06-13 21:35:13,https://www.kijiji.ca/v-cars-trucks/city-of-toronto/2004-toyota-sienna-le/1362664711
Toyota,Sienna,2011,2011 Toyota Sienna XLE-LEATHER-SUNROOF-REAR CAMERA,15999,"301 Weston Road, Toronto, ON, M6N3P1",150000,2018-06-13 21:56:25,https://www.kijiji.ca/v-cars-trucks/city-of-toronto/2011-toyota-sienna-xle-leather-sunroof-rear-camera/1280663720
Toyota,Sienna,2017,2017 Toyota Sienna,27900,"690 Queen Street West, Brampton, ON, L6X 3E1",45000,2018-06-13 00:16:45,https://www.kijiji.ca/v-cars-trucks/mississauga-peel-region/2017-toyota-sienna/1354926816
Toyota,Sienna,2011,2011 Toyota Sienna LIMITED-AWD-NAVI-LEATHER-DVD-ROOF-CPO-1 OWNER,21999,"5336 Highway 7 East, Markham, ON, L3P 1B9",103486,2018-06-13 10:36:01,https://www.kijiji.ca/v-cars-trucks/markham-york-region/2011-toyota-sienna-limited-awd-navi-leather-dvd-roof-cpo-1-owner/1362514202
Toyota,Sienna,2013,2013 Toyota Sienna XLE 7 Passenger (A6),31995,"2336 Saint Clair Avenue West, Toronto, ON, M6N 1K8",67501,2018-06-11 08:54:02,https://www.kijiji.ca/v-cars-trucks/city-of-toronto/2013-toyota-sienna-xle-7-passenger-a6/1361998663
Toyota,Sienna,2002,Toyota s,1850,"100 Duncanwoods Dr, North York, ON M9L 2C7, Canada",283,2018-06-11 11:06:00,https://www.kijiji.ca/v-cars-trucks/city-of-toronto/toyota-s/1361925643
Toyota,Sienna,2006,2006 Toyota Sienna LE - LOW KM! - w/ winter tires on rims,8000,"North York, ON M2M 3H9",138400,2018-06-11 12:23:17,https://www.kijiji.ca/v-cars-trucks/city-of-toronto/2006-toyota-sienna-le-low-km-w-winter-tires-on-rims/1362018513
Toyota,Sienna,2004,"2004 Toyota Sienna. CERTIFIED, E TESTED, WARRANTY, NO ACCIDENT",4295,"1881 Wilson Ave, North York, ON M9M 1A2, Canada",227000,2018-06-12 21:07:37,https://www.kijiji.ca/v-cars-trucks/city-of-toronto/2004-toyota-sienna-certified-e-tested-warranty-no-accident/1315564256
Toyota,Sienna,2015,2015 Toyota Sienna SE 8 PASSENGERS NO ACCIDENTS!,28950,"11 Saint Regis Crescent North, North York, ON, M3J 1Y9",64000,2018-06-12 23:00:01,https://www.kijiji.ca/v-cars-trucks/city-of-toronto/2015-toyota-sienna-se-8-passengers-no-accidents/1362436927
Toyota,Sienna,2006,2006 Toyota Sienna LE AWD with snow tires - as-is,5000,"Toronto, ON M1E3P4",243577,2018-06-13 00:01:49,https://www.kijiji.ca/v-cars-trucks/markham-york-region/2006-toyota-sienna-le-awd-with-snow-tires-as-is/1362450894
Toyota,Sienna,2015,2015 Toyota Sienna Limited,26783,"260 Achilles Road, Ajax, ON, L1Z 0C5",88099,2018-06-11 19:18:15,https://www.kijiji.ca/v-cars-trucks/oshawa-durham-region/2015-toyota-sienna-limited/1362130962
Toyota,Sienna,2017,2017 Toyota Sienna 7-Passenger V6 SAVE SAVE SAVE  ON THIS SIENNA,28988,"713003 1st Line East, Mono, ON, L9W 5S9",53399,2018-06-12 00:08:13,https://www.kijiji.ca/v-cars-trucks/mississauga-peel-region/2017-toyota-sienna-7-passenger-v6-save-save-save-on-this-sienna/1346825223
Toyota,Sienna,2011,2011 Toyota Sienna V6,10995,"2020 Wilson Avenue, Toronto, ON, M9M 1B3",206989,2018-06-12 00:17:27,https://www.kijiji.ca/v-cars-trucks/city-of-toronto/2011-toyota-sienna-v6/1339700735
Toyota,Sienna,2011,2011 Toyota Sienna LE 8 PASSENGER,15995,"3293 Lawrence Avenue East, Toronto, ON, M1H 1A5",115424,2018-06-12 00:18:09,https://www.kijiji.ca/v-cars-trucks/city-of-toronto/2011-toyota-sienna-le-8-passenger/1339736359
Toyota,Sienna,2014,"SIENNA 2014 - 66,700km",19900,"Mississauga, ON L5V",66703,2018-06-12 13:52:04,https://www.kijiji.ca/v-cars-trucks/mississauga-peel-region/sienna-2014-66-700km/1362298908
Toyota,Sienna,2015,"2015 Toyota sienna XLE AWD Leather, sunuroof,",33460,"Brampton, ON L6R 2J5",51395,2018-06-12 14:54:54,https://www.kijiji.ca/v-cars-trucks/mississauga-peel-region/2015-toyota-sienna-xle-awd-leather-sunuroof/1362305643
Toyota,Sienna,2004,Toyota Sienna 2004 XLE AWD For Sale,7500,"Mississauga, ON L5K 1B6",151348,2018-06-12 14:54:57,https://www.kijiji.ca/v-cars-trucks/oakville-halton-region/toyota-sienna-2004-xle-awd-for-sale/1362304780
Toyota,Sienna,2005,2005 Toyota Sienna CE LOW KILO,6495,"Mississauga, ON L5W 1H4",145000,2018-06-12 17:55:37,https://www.kijiji.ca/v-cars-trucks/mississauga-peel-region/2005-toyota-sienna-ce-low-kilo/1362362986
Toyota,Sienna,2004,"2004 Toyota Sienna Minivan,",3500,"Mississauga, ON L5W 1B8",237982,2018-06-11 06:42:01,https://www.kijiji.ca/v-cars-trucks/mississauga-peel-region/2004-toyota-sienna-minivan/1361854691
Toyota,Sienna,2016,2016 Toyota Sienna,36499,"2 Maritime Ontario Blvd, Brampton, ON, L6S 0C2",34313,2018-06-11 06:54:04,https://www.kijiji.ca/v-cars-trucks/mississauga-peel-region/2016-toyota-sienna/1361994700
Toyota,Sienna,2010,2010 Toyota Sienna Limited | AWD | 2 Set of Tires,12597,"2210 Battleford Road, Mississauga, ON, L5N 3K6",157712,2018-06-12 19:18:00,https://www.kijiji.ca/v-cars-trucks/mississauga-peel-region/2010-toyota-sienna-limited-awd-2-set-of-tires/1362374839
Toyota,Sienna,2013,2013 Toyota Sienna SE|96KM|8 SEATERS|POWER DOORS|SUNROOF|,20999,"104 - 2765 Derry Road East, Mississauga, ON, L4T1A3",96531,2018-06-12 19:18:02,https://www.kijiji.ca/v-cars-trucks/city-of-toronto/2013-toyota-sienna-se-96km-8-seaters-power-doors-sunroof/1362383794
Toyota,Sienna,1999,Toyota Sienna 1999  No Accident,1900,"Brampton, ON L6T3X4",211000,2018-06-10 22:24:07,https://www.kijiji.ca/v-cars-trucks/mississauga-peel-region/toyota-sienna-1999-no-accident/1361916621
Toyota,Sienna,1999,Toyota Sienna 1999  No Accident,1900,"Brampton, ON L6T3X4",211000,2018-06-10 22:24:11,https://www.kijiji.ca/v-cars-trucks/mississauga-peel-region/toyota-sienna-1999-no-accident/1361916637
Toyota,Sienna,2015,2015 Toyota Sienna SE|TECH|DVD|BLIND SPOT MONITORS,34995,"10 Spicer Square, Bowmanville, ON, L1C 5M2",49290,2018-06-11 00:07:26,https://www.kijiji.ca/v-cars-trucks/oshawa-durham-region/2015-toyota-sienna-se-tech-dvd-blind-spot-monitors/1346588153
Toyota,Sienna,2012,2012 Toyota Sienna LE AWD LEATHER/POWER DOORS/LOADED,19995,"2424 Finch Avenue West, Toronto, ON, M9M 2E3",120000,2018-06-11 00:13:00,https://www.kijiji.ca/v-cars-trucks/city-of-toronto/2012-toyota-sienna-le-awd-leather-power-doors-loaded/1305116976
Toyota,Sienna,2011,2011 Toyota Sienna AUTO AWD REAR CAMERA POWER SLIDDING SAFETY AL,15999,"1071 Speers Road, Oakville, ON, L6L 2X5",162000,2018-06-10 01:48:00,https://www.kijiji.ca/v-cars-trucks/oakville-halton-region/2011-toyota-sienna-auto-awd-rear-camera-power-slidding-safety-al/1361713521
Toyota,Sienna,2011,Toyota sienna le loaded ,12750,"Beer Crescent, Ajax, ON L1S 0A3, Canada",181000,2018-06-10 11:09:10,https://www.kijiji.ca/v-cars-trucks/oshawa-durham-region/toyota-sienna-le-loaded/1361749184
Toyota,Sienna,2013,Toyota Sienna LE for sale,22500,"Newmarket, ON L3X0B3",69000,2018-06-10 19:17:31,https://www.kijiji.ca/v-cars-trucks/markham-york-region/toyota-sienna-le-for-sale/1361868364
Toyota,Sienna,2011,2011 Toyota Sienna LE | 7 PASS | 4 CYL | SAVE ON FUEL,11995,"419 Huronia Road, Barrie, ON, L4N 9B3",179786,2018-06-11 00:12:46,https://www.kijiji.ca/v-cars-trucks/city-of-toronto/2011-toyota-sienna-le-7-pass-4-cyl-save-on-fuel/1332652942
Toyota,Sienna,2003,2003 Toyota Sienna 4-door CE 4A (Dual Sliding Doors),3988,"713003 1st Line East, Mono, ON, L9W 5S9",271791,2018-06-09 08:42:03,https://www.kijiji.ca/v-cars-trucks/mississauga-peel-region/2003-toyota-sienna-4-door-ce-4a-dual-sliding-doors/1361497251
Toyota,Sienna,2004,2004 Toyota Sienna CE,2950,"6143 Kingston Road, Scarborough, ON, M1C 1K7",365000,2018-06-09 14:36:05,https://www.kijiji.ca/v-cars-trucks/city-of-toronto/2004-toyota-sienna-ce/1361549125
Toyota,Sienna,2005,2005 Toyota Sienna LE,3950,"6143 Kingston Road, Scarborough, ON, M1C 1K7",274000,2018-06-09 15:00:01,https://www.kijiji.ca/v-cars-trucks/city-of-toronto/2005-toyota-sienna-le/1361555614
Toyota,Sienna,2005,2005 Toyota Sienna LE - Silver ,4500,"Brampton, ON L6Y4X2",260000,2018-06-09 16:31:25,https://www.kijiji.ca/v-cars-trucks/mississauga-peel-region/2005-toyota-sienna-le-silver/1361585300
Toyota,Sienna,2017,2017 Toyota Sienna,27900,"690 Queen Street West, Brampton, ON, L6X 3E1",50000,2018-06-09 19:00:02,https://www.kijiji.ca/v-cars-trucks/mississauga-peel-region/2017-toyota-sienna/1361626139
Toyota,Sienna,2014,2014 Toyota Sienna SE 8 Passenger,24995,"2336 Saint Clair Avenue West, Toronto, ON, M6N 1K8",76386,2018-06-09 21:20:13,https://www.kijiji.ca/v-cars-trucks/city-of-toronto/2014-toyota-sienna-se-8-passenger/1358774260
Toyota,Sienna,2017,2017 Toyota Sienna LE 8 Passenger,30488,"2336 Saint Clair Avenue West, Toronto, ON, M6N 1K8",42030,2018-06-09 21:20:39,https://www.kijiji.ca/v-cars-trucks/city-of-toronto/2017-toyota-sienna-le-8-passenger/1361344523
Toyota,Sienna,2017,2017 Toyota Sienna SE 8 Passenger,36788,"2336 Saint Clair Avenue West, Toronto, ON, M6N 1K8",41440,2018-06-09 21:20:40,https://www.kijiji.ca/v-cars-trucks/city-of-toronto/2017-toyota-sienna-se-8-passenger/1359201790
Toyota,Sienna,2004,"2004 Toyota Sienna LE Minivan, Van",3500,"North York, ON M2N 2M4",128327,2018-06-09 22:10:59,https://www.kijiji.ca/v-cars-trucks/city-of-toronto/2004-toyota-sienna-le-minivan-van/1361673873
Toyota,Sienna,2017,2017 Toyota Sienna,28800,"2 Maritime Ontario Blvd, Brampton, ON, L6S 0C2",56557,2018-06-10 00:06:06,https://www.kijiji.ca/v-cars-trucks/mississauga-peel-region/2017-toyota-sienna/1354057971
Toyota,Sienna,2017,2017 Toyota Sienna,28600,"2 Maritime Ontario Blvd, Brampton, ON, L6S 0C2",50055,2018-06-10 00:06:06,https://www.kijiji.ca/v-cars-trucks/mississauga-peel-region/2017-toyota-sienna/1354057978
Toyota,Sienna,2014,2014 Toyota Sienna XLE-LIMITED-7 Passenger-TV-DVD-NAV-CAMERA-LOA,26887,"820 Markham Rd, Scarborough, ON, M1H 2Y2",75000,2018-06-09 00:17:16,https://www.kijiji.ca/v-cars-trucks/city-of-toronto/2014-toyota-sienna-xle-limited-7-passenger-tv-dvd-nav-camera-loa/1353929648
Toyota,Sienna,2003,Toyota sienna 2003 for sale,1975,"Scarborough, ON M1G3M3",287480,2018-06-08 20:40:19,https://www.kijiji.ca/v-cars-trucks/city-of-toronto/toyota-sienna-2003-for-sale/1361402685
Toyota,Sienna,2018,2018 Toyota Sienna SE 8-Passenger  - Leather Seats - $331.06 B/W,43475,"11240 Yonge Street, Richmond Hill, ON, L4S 1K9",None,2018-06-10 00:06:32,https://www.kijiji.ca/v-cars-trucks/markham-york-region/2018-toyota-sienna-se-8-passenger-leather-seats-331-06-b-w/1354059027
Toyota,Sienna,2008,Cars miniven,5000,"Toronto, ON M2N7A2",150000,2018-06-08 17:45:11,https://www.kijiji.ca/v-cars-trucks/city-of-toronto/cars-miniven/1361358211
Toyota,Sienna,2013,"2013 Toyota Sienna 5DR 7-Pass FWD: Base Model, Low KMS!",18600,"1897 Eglinton Avenue East, Toronto, ON, M1L 2L6",89537,2018-06-08 17:48:00,https://www.kijiji.ca/v-cars-trucks/city-of-toronto/2013-toyota-sienna-5dr-7-pass-fwd:-base-model-low-kms/1361353419
Toyota,Sienna,2011,"2011 Toyota Sienna XLE, Leather Sunroof,  3/Y Warranty available",12900,"10 Lepage Ct, North York, ON M3J 1Z9, Canada",N/A,2018-06-08 22:06:01,https://www.kijiji.ca/v-cars-trucks/city-of-toronto/2011-toyota-sienna-xle-leather-sunroof-3-y-warranty-available/1361383493
Toyota,Sienna,2008,2008 Toyota Sienna CE,7995,"66 Milvan Drive Unit#8, North York, ON, M9L 1Z5",130588,2018-06-09 00:48:54,https://www.kijiji.ca/v-cars-trucks/city-of-toronto/2008-toyota-sienna-ce/1346186475
Toyota,Sienna,2008,FS: 2008 Toyota Sienna XLE Limited AWD SUV White~!!,9300,"Richmond Hill, ON L4B1K2",175343,2018-06-08 21:31:52,https://www.kijiji.ca/v-cars-trucks/markham-york-region/fs:-2008-toyota-sienna-xle-limited-awd-suv-white/1361414444
Toyota,Sienna,2004,2004 Toyota Sienna LE Minivan*Certfied*No Accidents*3YrsWarranty,4495,"1881 Wilson Ave, North York, ON M9M 1A2, Canada",226000,2018-06-08 04:57:52,https://www.kijiji.ca/v-cars-trucks/city-of-toronto/2004-toyota-sienna-le-minivan-certfied-no-accidents-3yrswarranty/1350367126
Toyota,Sienna,2004,2004 Sienna LE,2500,"Toronto, ON M1P4T7",360000,2018-06-08 04:16:21,https://www.kijiji.ca/v-cars-trucks/city-of-toronto/2004-sienna-le/1361242233
Toyota,Sienna,2005,Sienna 2005 Accident free AWD one owner   2 Years warranty,4995,"2655 Lawrence Ave E, Scarborough, ON M1P 2S3, Canada",231895,2018-06-09 01:52:17,https://www.kijiji.ca/v-cars-trucks/city-of-toronto/sienna-2005-accident-free-awd-one-owner-2-years-warranty/1308123936
Toyota,Sienna,2017,2017 Toyota Sienna,28800,"2 Maritime Ontario Blvd, Brampton, ON, L6S 0C2",48183,2018-06-09 06:42:07,https://www.kijiji.ca/v-cars-trucks/mississauga-peel-region/2017-toyota-sienna/1361491816
Toyota,Sienna,2005,2005 Toyota Sienna CE Minivan*No Accidents*Certified*Warranty!!,3995,"1881 Wilson Ave, North York, ON M9M 1A2, Canada",234000,2018-06-08 04:57:50,https://www.kijiji.ca/v-cars-trucks/city-of-toronto/2005-toyota-sienna-ce-minivan-no-accidents-certified-warranty/1359438739
Toyota,Sienna,2012,2012 Toyota Sienna SE/SUN ROOF/DVD/LEATHER|POWER DOORS|,18999,"104 - 2765 Derry Road East, Mississauga, ON, L4T1A3",98186,2018-06-08 00:15:14,https://www.kijiji.ca/v-cars-trucks/city-of-toronto/2012-toyota-sienna-se-sun-roof-dvd-leather-power-doors/1332069207
Toyota,Sienna,2004,2004 toyota sienna ce beautiful ready to role.call 6473522058,3999,"64 Old Kennedy Rd, Markham, ON L3R 0L6, Canada",241585,2018-06-08 00:42:36,https://www.kijiji.ca/v-cars-trucks/city-of-toronto/2004-toyota-sienna-ce-beautiful-ready-to-role-call-6473522058/1361209436
Toyota,Sienna,2004,"TOYOTA SIENNA CE, 2004 (AS IS)",2800,"Denison St, Markham, ON L3S 0A8, Canada",263000,2018-06-08 04:10:55,https://www.kijiji.ca/v-cars-trucks/markham-york-region/toyota-sienna-ce-2004-as-is/1361241791
Toyota,Sienna,2013,2013 Toyota Sienna LE,17500,"2156 Danforth ave, Toronto, ON, M4C 1K3",73500,2018-06-07 22:48:13,https://www.kijiji.ca/v-cars-trucks/city-of-toronto/2013-toyota-sienna-le/1361181851
Toyota,Sienna,2008,2008 Toyota Sienna LE,7250,"75 Mulock Drive, Newmarket, ON, L3Y 4W3",182748,2018-06-08 08:30:12,https://www.kijiji.ca/v-cars-trucks/markham-york-region/2008-toyota-sienna-le/1361253291
Toyota,Sienna,2011,"FOR SALE!!! 2011 Toyota Sienna Minivan, Van ($14,000 NEGOTIABLE)",14000,"Toronto, ON M3J1J6",190000,2018-06-08 15:37:10,https://www.kijiji.ca/v-cars-trucks/city-of-toronto/for-sale-2011-toyota-sienna-minivan-van-14-000-negotiable/1342081707
Toyota,Sienna,2008,2008 Toyota Sienna CE *DRIVES MINT* power door window locks !!,5850,"4066 Sheppard Avenue, Scarborough, ON, M1S1S8",228322,2018-06-08 16:00:01,https://www.kijiji.ca/v-cars-trucks/city-of-toronto/2008-toyota-sienna-ce-drives-mint-power-door-window-locks/1361328226
Toyota,Sienna,2018,2018 Toyota Sienna Limited 7-Passenger Limited 7-Passenger,53230,"312 Guelph St, Georgetown, ON, L7G 4B5",None,2018-06-08 07:36:11,https://www.kijiji.ca/v-cars-trucks/mississauga-peel-region/2018-toyota-sienna-limited-7-passenger-limited-7-passenger/1361251931
Toyota,Sienna,2017,2017 Toyota Sienna,32500,"2 Maritime Ontario Blvd, Brampton, ON, L6S 0C2",32841,2018-06-06 07:12:05,https://www.kijiji.ca/v-cars-trucks/mississauga-peel-region/2017-toyota-sienna/1360743119
Toyota,Sienna,2015,TTL taxi Toyata Sienna 2015,65000,"Mississauga, ON L5W 1G8",150000,2018-06-06 04:53:15,https://www.kijiji.ca/v-cars-trucks/mississauga-peel-region/ttl-taxi-toyata-sienna-2015/1360737459
Toyota,Sienna,2005,Van Toyota Sienna van 5 doors 7 sets 2005 220km for Sale 3.5 ,None,"Drifton Crescent, Mississauga, ON L4T 1W6, Canada",220,2018-06-06 04:27:38,https://www.kijiji.ca/v-cars-trucks/mississauga-peel-region/van-toyota-sienna-van-5-doors-7-sets-2005-220km-for-sale-3-5/1360735425
Toyota,Sienna,2017,2017 Toyota Sienna,32800,"2 Maritime Ontario Blvd, Brampton, ON, L6S 0C2",29755,2018-06-06 07:12:05,https://www.kijiji.ca/v-cars-trucks/mississauga-peel-region/2017-toyota-sienna/1360743121
Dodge,Grand Caravan,2014,2014 Dodge Grand Caravan SXT DVD/BACK UP CAMERA/BLUETOOTH...,10765,"831 Kipling Ave, Etobicoke, ON, M8Z 5G8",166120,2018-06-07 21:18:08,https://www.kijiji.ca/v-cars-trucks/city-of-toronto/2014-dodge-grand-caravan-sxt-dvd-back-up-camera-bluetooth/1361162453
Toyota,Sienna,2004,2004 Toyota Sienna CE,3995,"90 Winter Ave, Toronto, ON, M1K 4M3",213000,2018-06-06 07:42:04,https://www.kijiji.ca/v-cars-trucks/city-of-toronto/2004-toyota-sienna-ce/1360744994
Toyota,Sienna,2011,"2011 Toyota Sienna Limited Minivan, Van",14495,"Mississauga Rd #212, Mississauga, ON L5N 1A7, Canada",165285,2018-06-07 22:32:32,https://www.kijiji.ca/v-cars-trucks/mississauga-peel-region/2011-toyota-sienna-limited-minivan-van/1351599011
Toyota,Sienna,2004,"2004 Toyota Sienna LE Minivan, Van..CALL 6473522058 POWER DOORS",3500,"64 Old Kennedy Rd, Markham, ON L3R 0L6, Canada",310523,2018-06-07 21:35:46,https://www.kijiji.ca/v-cars-trucks/markham-york-region/2004-toyota-sienna-le-minivan-van-call-6473522058-power-doors/1335825536
Toyota,Sienna,2014,"2014 Toyota Sienna LE, DVD, Cam, Bluetooth, Power Doors",18994,"1602 Champlain Avenue, Whitby, ON, L1N 6A7",140200,2018-06-07 00:08:16,https://www.kijiji.ca/v-cars-trucks/oshawa-durham-region/2014-toyota-sienna-le-dvd-cam-bluetooth-power-doors/1338404154
Toyota,Sienna,2014,2014 Toyota Sienna 7 Passenger FWD 1 Owner Low Km Clean!,21900,"Thornhill, ON L4J8X2",51636,2018-06-07 20:32:42,https://www.kijiji.ca/v-cars-trucks/markham-york-region/2014-toyota-sienna-7-passenger-fwd-1-owner-low-km-clean/1361150958
Toyota,Sienna,2014,2014 Toyota Sienna XLE|LEATHER|SUNROOF|REAR VIEW|WHITE ON BEIGE|,25999,"104 - 2765 Derry Road East, Mississauga, ON, L4T1A3",69582,2018-06-06 23:06:01,https://www.kijiji.ca/v-cars-trucks/city-of-toronto/2014-toyota-sienna-xle-leather-sunroof-rear-view-white-on-beige/1360938051
Toyota,Sienna,2012,2012 Toyota Sienna LE 8 Pass-One owner-Clean CP!,16995,"890 Appleby Line, Burlington, ON, L7L 2Y8",125706,2018-06-06 08:54:10,https://www.kijiji.ca/v-cars-trucks/oakville-halton-region/2012-toyota-sienna-le-8-pass-one-owner-clean-cp/1360747687
Toyota,Sienna,2004,2004 Toyota Sienna V6 AS IS,2100,"Aurora, ON L4G 7G4, Canada",343000,2018-06-07 13:56:51,https://www.kijiji.ca/v-cars-trucks/markham-york-region/2004-toyota-sienna-v6-as-is/1361049385
Toyota,Sienna,2008,Sienna CE 8 seater -2008 -serious offers only,5500,"Oakville, ON L6M 3K6",215228,2018-06-07 19:54:58,https://www.kijiji.ca/v-cars-trucks/oakville-halton-region/sienna-ce-8-seater-2008-serious-offers-only/1361140529
Toyota,Sienna,2006,Toyota Sienna,6500,"Scarborough, ON M1R 4S1",15883,2018-06-05 00:20:22,https://www.kijiji.ca/v-cars-trucks/city-of-toronto/toyota-sienna/1360390517
Toyota,Sienna,2013,Van for sale,21900,"Vaughan, ON L4H1B9",47000,2018-06-05 12:02:12,https://www.kijiji.ca/v-cars-trucks/city-of-toronto/van-for-sale/1360498982
Toyota,Sienna,2008,08 SIENNA,3000,"Whitby, ON L1R3H3",280,2018-06-05 20:47:46,https://www.kijiji.ca/v-cars-trucks/oshawa-durham-region/08-sienna/1360640439
Toyota,Sienna,2011,2011 Toyota Sienna V6 7 Passenger ACCIDENT FREE|7 PASS|ALLOYS...,8750,"3232 Steeles Ave West, Concord, ON, L4K 4C8",263000,2018-06-06 00:49:21,https://www.kijiji.ca/v-cars-trucks/city-of-toronto/2011-toyota-sienna-v6-7-passenger-accident-free-7-pass-alloys/1338227977
Toyota,Sienna,2014,Toyota Sienna LE V6 8-PASS 6A,22900,"Brampton, ON L6X 0P7",90302,2018-06-06 02:40:57,https://www.kijiji.ca/v-cars-trucks/mississauga-peel-region/toyota-sienna-le-v6-8-pass-6a/1360722123
Toyota,Sienna,2011,Toyota Sienna 2011- E Tested *** 152 000 KM ***,15500,"Brampton, ON L7A2Y7",152000,2018-06-03 09:20:16,https://www.kijiji.ca/v-cars-trucks/mississauga-peel-region/toyota-sienna-2011-e-tested-152-000-km/1359938753
Toyota,Sienna,2005,"2005 Toyota Sienna CE Minivan, Van",3900,"55 The Esplanade, Toronto, ON M5E 1A6, Canada",270,2018-06-03 11:17:07,https://www.kijiji.ca/v-cars-trucks/city-of-toronto/2005-toyota-sienna-ce-minivan-van/1359929021
Chrysler,Town & Country,2008,2008 Chrysler Town and Country LIMITED ,5900,"North York, ON M2M 3X4, Canada, M3M3X4",209000,2018-06-03 14:58:50,https://www.kijiji.ca/v-cars-trucks/city-of-toronto/2008-chrysler-town-and-country-limited/1359993083
Chrysler,Town & Country,2008,2008 Chrysler Town and Country ,5900,"Richmond Hill, ON L4C 5P2, Canada",209000,2018-06-03 15:03:35,https://www.kijiji.ca/v-cars-trucks/markham-york-region/2008-chrysler-town-and-country/1359994402
Toyota,Sienna,2003,Toyota Sienna 1999 - 2003 seats,100,"North York, ON M2M",250000,2018-06-02 16:18:05,https://www.kijiji.ca/v-cars-trucks/city-of-toronto/toyota-sienna-1999-2003-seats/1359770013
Toyota,Sienna,1999,1999 Toyota Sienna LE,2800,"Mississauga, ON L5V2V5",330000,2018-06-02 22:25:27,https://www.kijiji.ca/v-cars-trucks/mississauga-peel-region/1999-toyota-sienna-le/1359870244
Toyota,Sienna,2015,2015 Toyota Sienna LE 8 Passenger Power Doors/Camera,23885,"2424 Finch Avenue West, Toronto, ON, M9M 2E3",118000,2018-06-03 00:09:46,https://www.kijiji.ca/v-cars-trucks/city-of-toronto/2015-toyota-sienna-le-8-passenger-power-doors-camera/1352226627
Toyota,Sienna,2015,2015 Toyota Sienna LE AWD POWER SLIDING DOORS.REAR VIEW CAMERA.B,26995,"4490 Chesswood Drive, Unit 1, North York, ON, M3J2B9",111949,2018-06-03 08:48:03,https://www.kijiji.ca/v-cars-trucks/city-of-toronto/2015-toyota-sienna-le-awd-power-sliding-doors-rear-view-camera-b/1359936646
Toyota,Sienna,2004,TOYOTA SIENNA 2004 CERTIFIED,4750,"Oakville, ON L6M",179000,2018-06-03 22:32:34,https://www.kijiji.ca/v-cars-trucks/oakville-halton-region/toyota-sienna-2004-certified/1360123186
Toyota,Sienna,2012,2012 Toyota Sienna LE,13495,"1271 Kennedy Road, Scarborough, ON, M1P 2L4",200470,2018-06-04 00:05:18,https://www.kijiji.ca/v-cars-trucks/city-of-toronto/2012-toyota-sienna-le/1344832023
Toyota,Sienna,2011,"2011 Toyota Sienna LE Awd , Back up Camera ,certified",13990,"164 queen st west, Brampton, ON, L6X 1A7",167398,2018-06-04 00:18:46,https://www.kijiji.ca/v-cars-trucks/mississauga-peel-region/2011-toyota-sienna-le-awd-back-up-camera-certified/1344946962
Toyota,Sienna,2011,2011 Toyota seinna CE only 72000km ,16999,"Mississauga, ON L5L",72000,2018-06-04 08:22:45,https://www.kijiji.ca/v-cars-trucks/mississauga-peel-region/2011-toyota-seinna-ce-only-72000km/1360202924
Toyota,Sienna,2012,2012 Toyota Sienna SE 8 Passenger,20295,"47 Eastern Ave, Toronto, ON, M5A 1H1",103780,2018-06-04 16:42:06,https://www.kijiji.ca/v-cars-trucks/city-of-toronto/2012-toyota-sienna-se-8-passenger/1360294565
Toyota,Sienna,2013,2013 Toyota Sienna V6 7 Passenger V6 7 Passenger,18188,"47 Eastern Ave, Toronto, ON, M5A 1H1",86039,2018-06-04 17:18:01,https://www.kijiji.ca/v-cars-trucks/city-of-toronto/2013-toyota-sienna-v6-7-passenger-v6-7-passenger/1360305271
Toyota,Sienna,2012,2012 Toyota Sienna LE | AWD | NO ACCIDENT | POWER DOORS | REAR C,14995,"1122 Westport Crescent, Mississauga, ON, L5T 1G1",158119,2018-06-05 00:05:38,https://www.kijiji.ca/v-cars-trucks/mississauga-peel-region/2012-toyota-sienna-le-awd-no-accident-power-doors-rear-c/1345075191
Toyota,Sienna,2014,2014 Toyota Sienna XLE 7 Passenger XLE 7 Passenger,29335,"47 Eastern Ave, Toronto, ON, M5A 1H1",68500,2018-06-02 05:24:01,https://www.kijiji.ca/v-cars-trucks/city-of-toronto/2014-toyota-sienna-xle-7-passenger-xle-7-passenger/1359674180
Toyota,Sienna,2014,2014 Toyota Sienna LE 8 Passenger LE 8 Passenger,22888,"47 Eastern Ave, Toronto, ON, M5A 1H1",78762,2018-06-02 05:24:00,https://www.kijiji.ca/v-cars-trucks/city-of-toronto/2014-toyota-sienna-le-8-passenger-le-8-passenger/1359674166
Toyota,Sienna,2015,2015 Toyota Sienna wheelchair accessible ,29500,"Starlake Dr, Scarborough, ON M1G 3C3, Canada",180000,2018-06-02 06:31:14,https://www.kijiji.ca/v-cars-trucks/city-of-toronto/2015-toyota-sienna-wheelchair-accessible/1359680718
Toyota,Sienna,2002,Toyota Sienna 2002,5800,"Mississauga, ON L5B 4A9",185000,2018-06-02 10:04:24,https://www.kijiji.ca/v-cars-trucks/mississauga-peel-region/toyota-sienna-2002/1359672985
Toyota,Sienna,2007,2007 Toyota Sienna CE,4995,"2020 Wilson Avenue, Toronto, ON, M9M 1B3",220104,2018-06-02 15:14:51,https://www.kijiji.ca/v-cars-trucks/city-of-toronto/2007-toyota-sienna-ce/1351799264
Toyota,Sienna,2003,"2003 Toyota Sienna Minivan, Van",2100,"Scarborough, ON M1S 5C8",243500,2018-06-01 21:47:29,https://www.kijiji.ca/v-cars-trucks/city-of-toronto/2003-toyota-sienna-minivan-van/1359605150
Toyota,Sienna,2014,"2014 Toyota Sienna 7 Passenger ALLOY WHEELS, CRUISE CONTROL,...",19999,"99 Bloor Street East, Oshawa, ON, L1H 3M3",94879,2018-06-02 00:04:42,https://www.kijiji.ca/v-cars-trucks/oshawa-durham-region/2014-toyota-sienna-7-passenger-alloy-wheels-cruise-control/1351962444
Toyota,Sienna,2008,2008 Toyota Sienna LE,9888,"3089 Danforth Avenue, Toronto, ON, M1L 1A9",178815,2018-06-02 02:06:07,https://www.kijiji.ca/v-cars-trucks/city-of-toronto/2008-toyota-sienna-le/1359655385
Toyota,Sienna,2004,2004 TOYOTA SIENNA,3295,"90 Winter Ave, Toronto, ON, M1K 4M3",218000,2018-06-02 03:00:01,https://www.kijiji.ca/v-cars-trucks/city-of-toronto/2004-toyota-sienna/1359663546
Toyota,Sienna,2004,2004 Toyota Sienna LE | ALLOYS | CRUISE | ROOF RACK,3995,"193 Woodstream Boulevard, Vaughan, ON, L4L 7Y1",153399,2018-06-01 00:08:09,https://www.kijiji.ca/v-cars-trucks/markham-york-region/2004-toyota-sienna-le-alloys-cruise-roof-rack/1351704709
Toyota,Sienna,2006,2006 Toyota Sienna LE / 8Passenger / with Safety certificate,7600,"Markham, ON L3T5W4",157400,2018-06-01 14:36:14,https://www.kijiji.ca/v-cars-trucks/markham-york-region/2006-toyota-sienna-le-8passenger-with-safety-certificate/1359491977
Toyota,Sienna,1999,Sienna minivan for sale ,2000,"Mississauga, ON L5M8B1",300000,2018-06-01 15:05:24,https://www.kijiji.ca/v-cars-trucks/mississauga-peel-region/sienna-minivan-for-sale/1359499829
Toyota,Sienna,2014,"2014 Toyota Sienna LE AWD 7-Pass V6 6A LOADED, BLUETOOTH AND MOR",23588,"713003 1st Line East, Mono, ON, L9W 5S9",100348,2018-05-30 08:36:02,https://www.kijiji.ca/v-cars-trucks/mississauga-peel-region/2014-toyota-sienna-le-awd-7-pass-v6-6a-loaded-bluetooth-and-mor/1358940801
Toyota,Sienna,2002,2002 Toyota Sienna Minivan,3000,"North York, ON M3H",275000,2018-05-30 21:30:10,https://www.kijiji.ca/v-cars-trucks/city-of-toronto/2002-toyota-sienna-minivan/1359092901
Toyota,Sienna,2008,2008 Toyota Sienna -,11880,"1680 Sismet Rd, Missisauga, ON, L4W 1R4",130122,2018-05-30 21:48:05,https://www.kijiji.ca/v-cars-trucks/mississauga-peel-region/2008-toyota-sienna/1359110555
Toyota,Sienna,2008,2008 Toyota Sienna LE 7 PassengerAutomatic,4900,"610 Martin Street, Milton, ON, L9T 3H6",266061,2018-05-31 00:14:40,https://www.kijiji.ca/v-cars-trucks/oakville-halton-region/2008-toyota-sienna-le-7-passengerautomatic/1336840746
Toyota,Sienna,2002,Toyota Sienna ,2995,"Brampton, ON L6X0T3",294000,2018-05-29 17:19:51,https://www.kijiji.ca/v-cars-trucks/mississauga-peel-region/toyota-sienna/1358784371
Toyota,Sienna,2008,2008 Toyota Sienna CE 7 Passenger,7450,"5655 Hwy 7, Woodbridge, ON, L4L 1T7",180000,2018-05-30 00:08:43,https://www.kijiji.ca/v-cars-trucks/city-of-toronto/2008-toyota-sienna-ce-7-passenger/1323772358
Toyota,Sienna,2012,2012 Toyota Sienna CE-KEYLESS ENTRY| POWER DOORS| POWER WINDOWS|,15999,"437 Simcoe Street South, Oshawa, ON, L1H4J5",124561,2018-05-30 00:16:13,https://www.kijiji.ca/v-cars-trucks/oshawa-durham-region/2012-toyota-sienna-ce-keyless-entry-power-doors-power-windows/1336700907
Toyota,Sienna,2017,Wanted: ,None,"Mississauga, ON L4W3P4",2500,2018-05-30 13:25:39,https://www.kijiji.ca/v-cars-trucks/mississauga-peel-region/wanted-17-inch-aluminium-rims-for-toyota-sienna/1358978008
Toyota,Sienna,2005,2005 Toyota Sienna XLE,4999,"164 Queen St W, Brampton, ON L6X 1A7, Canada",263000,2018-05-31 21:12:00,https://www.kijiji.ca/v-cars-trucks/mississauga-peel-region/2005-toyota-sienna-xle/1358926610
Toyota,Sienna,2011,2011 Toyota Sienna V6 7 PASSENGER,14995,"3293 Lawrence Avenue East, Toronto, ON, M1H 1A5",109000,2018-05-29 00:15:22,https://www.kijiji.ca/v-cars-trucks/city-of-toronto/2011-toyota-sienna-v6-7-passenger/1343450707
Toyota,Sienna,2014,2014 Toyota Sienna LE|ALLOYS|P-DOORS|BLUETOOTH|R-CAM|NEW BRAKES,23200,"7685 Martingrove Road, Vaughan, ON, L4L 1B5",76532,2018-05-29 08:06:02,https://www.kijiji.ca/v-cars-trucks/markham-york-region/2014-toyota-sienna-le-alloys-p-doors-bluetooth-r-cam-new-brakes/1358684242
Toyota,Sienna,2006,2006 Toyota Sienna CE,4995,"8193 Esquesing Line,, Milton, ON, L9T 2X9",164000,2018-05-29 08:48:03,https://www.kijiji.ca/v-cars-trucks/oakville-halton-region/2006-toyota-sienna-ce/1358686131
Toyota,Sienna,2006,2006 Toyota Sienna LE,6800,"Oakville, ON L6H1A7",180000,2018-05-31 00:34:11,https://www.kijiji.ca/v-cars-trucks/oakville-halton-region/2006-toyota-sienna-le/1359149111
Toyota,Sienna,2014,2014 Toyota Sienna TRI-ZONE CLIMATE CNTRL/HEATED MIRRORS/7 PASSE,21988,"410 Steeles Avenue East, Milton, ON, L9T 1Y4",78765,2018-05-31 08:42:02,https://www.kijiji.ca/v-cars-trucks/oakville-halton-region/2014-toyota-sienna-tri-zone-climate-cntrl-heated-mirrors-7-passe/1359195957
Toyota,Sienna,2004,2004 Toyota Sienna le 8 passenger  alloys power slinding door,4900,"56 Martin Ross Avenue, Toronto, ON, M3J 2L4",256000,2018-05-31 08:42:11,https://www.kijiji.ca/v-cars-trucks/city-of-toronto/2004-toyota-sienna-le-8-passenger-alloys-power-slinding-door/1359196810
Toyota,Sienna,2005,"2005 Toyota Sienna Minivan, Van",3000,"Aurora, ON L4G 7N8",237000,2018-05-31 17:54:14,https://www.kijiji.ca/v-cars-trucks/markham-york-region/2005-toyota-sienna-minivan-van/1359299401
Toyota,Sienna,2002,2002 Toyota Sienna Minivan-No Accident-  Stock#24,1495,"3466 Dundas St W, York, ON M6S 2P3, Canada",241380,2018-05-29 16:03:39,https://www.kijiji.ca/v-cars-trucks/city-of-toronto/2002-toyota-sienna-minivan-no-accident-stock-24/1358537642
Toyota,Sienna,2006,Toyota Sienna for sale,4200,"Brampton, ON L7A2R9",353450,2018-05-26 21:24:22,https://www.kijiji.ca/v-cars-trucks/mississauga-peel-region/toyota-sienna-for-sale/1358065893
Toyota,Sienna,2011,2011 Toyota Sienna XLE LIMITED NAVIGATION BACK UP CAMERA DVD !!!,18599,"5 Saint Regis Crescent, North Unit 4, Toronto, ON, M3J 1Y9",167000,2018-05-27 00:19:46,https://www.kijiji.ca/v-cars-trucks/city-of-toronto/2011-toyota-sienna-xle-limited-navigation-back-up-camera-dvd/1350485701
Toyota,Sienna,1998,Great Condition 1998 Toyota Sienna LE Minivan,2000,"Scarborough, ON M1L 3N7",350000,2018-05-27 02:54:00,https://www.kijiji.ca/v-cars-trucks/city-of-toronto/great-condition-1998-toyota-sienna-le-minivan/1357947572
Toyota,Sienna,2017,2017 Toyota Sienna,29900,"2 Maritime Ontario Blvd, Brampton, ON, L6S 0C2",47555,2018-05-27 08:00:02,https://www.kijiji.ca/v-cars-trucks/mississauga-peel-region/2017-toyota-sienna/1358147019
Toyota,Sienna,2014,Used 2014 Toyota Sienna AWD XLE,23000,"Toronto, ON M4S2N5",126252,2018-05-27 14:22:30,https://www.kijiji.ca/v-cars-trucks/city-of-toronto/used-2014-toyota-sienna-awd-xle/1358193474
Toyota,Sienna,2000,Toyota Sienna 2000,1300,"Toronto, ON M9B5Z7",363000,2018-05-27 22:21:37,https://www.kijiji.ca/v-cars-trucks/city-of-toronto/toyota-sienna-2000/1358335390
Toyota,Sienna,2014,2014 Toyota Sienna 7 PASSENGER,20995,"3293 Lawrence Avenue East, Toronto, ON, M1H 1A5",69000,2018-05-28 00:17:42,https://www.kijiji.ca/v-cars-trucks/city-of-toronto/2014-toyota-sienna-7-passenger/1336159876
Toyota,Sienna,2011,2011 Toyota Sienna SE,17888,"1155 Speers Road, Oakville, ON, L6L 2X5",132022,2018-05-28 15:30:02,https://www.kijiji.ca/v-cars-trucks/city-of-toronto/2011-toyota-sienna-se/1358486167
Toyota,Sienna,2007,2007 Toyota Sienna CE AWD,6995,"4650 Kingston Road, Scarborough, ON, M1E 2P9",190273,2018-05-29 00:11:15,https://www.kijiji.ca/v-cars-trucks/city-of-toronto/2007-toyota-sienna-ce-awd/1323592201
Toyota,Sienna,2017,2017 Toyota Sienna LE 8 Passenger,30494,"2336 Saint Clair Avenue West, Toronto, ON, M6N 1K8",29030,2018-05-26 00:15:20,https://www.kijiji.ca/v-cars-trucks/city-of-toronto/2017-toyota-sienna-le-8-passenger/1350127338
Toyota,Sienna,2004,2004 Toyota Sienna CE,4999,"4308 Kingston RD, Scarborough, ON, M1E 2M8",235000,2018-05-26 00:27:41,https://www.kijiji.ca/v-cars-trucks/city-of-toronto/2004-toyota-sienna-ce/1333546599
Toyota,Sienna,2015,2015 Toyota Sienna ALL WHEEL DRIVE!,30755,"959 Division Street, Cobourg, ON, K9A 4K8",115051,2018-05-26 08:30:01,https://www.kijiji.ca/v-cars-trucks/oshawa-durham-region/2015-toyota-sienna-all-wheel-drive/1357884902
Toyota,Sienna,2015,2015 Toyota Sienna LIMITED AWD - Off-Lease / No Accidents / TCUV,35388,"1288 Millard Street, Stouffville, ON, L4A 0W7",79821,2018-05-26 08:30:03,https://www.kijiji.ca/v-cars-trucks/markham-york-region/2015-toyota-sienna-limited-awd-off-lease-no-accidents-tcuv/1357885137
Toyota,Sienna,2014,"2014 Toyota Sienna 3rd Row Seating, Power Group,",19000,"2320 Fairview Street, Burlington, ON, L7R 2E4",115866,2018-05-26 08:36:06,https://www.kijiji.ca/v-cars-trucks/oakville-halton-region/2014-toyota-sienna-3rd-row-seating-power-group/1357885071
Toyota,Sienna,2017,Toyota Sienna XLE Limited 2017 Excellent Black/Brown 0% Finance,9000,"Scarborough, ON M1P 3J2",7500,2018-05-26 15:41:24,https://www.kijiji.ca/v-cars-trucks/city-of-toronto/toyota-sienna-xle-limited-2017-excellent-black-brown-0-finance/1357964295
Toyota,Sienna,2008,"2008 Toyota Sienna Minivan, Van",6000,"Whitby, ON L1R0N4",206462,2018-05-26 21:09:39,https://www.kijiji.ca/v-cars-trucks/oshawa-durham-region/2008-toyota-sienna-minivan-van/1337700641
Toyota,Sienna,2012,"2012 Toyota Sienna LE,AUX,PW,PL,AC,POWER SLIDING DOOR,CERT",12999,"11409 Trafalgar Road, Georgetown, ON, L7G4S4",198700,2018-05-25 21:42:01,https://www.kijiji.ca/v-cars-trucks/oakville-halton-region/2012-toyota-sienna-le-aux-pw-pl-ac-power-sliding-door-cert/1357803780
Toyota,Sienna,2013,"2013 Toyota Sienna 7 Passenger,Dual Ac/Heat Zone*Low km*",18488,"395 Dundas Street E, Mississauga, ON, L5A 1X4",69300,2018-05-26 00:07:20,https://www.kijiji.ca/v-cars-trucks/city-of-toronto/2013-toyota-sienna-7-passenger-dual-ac-heat-zone-low-km/1350120204
Toyota,Sienna,2004,Toyota Sienna,4999,"13035 Yonge St, Richmond Hill, ON L4E 1A4, Canada",256000,2018-05-23 14:30:04,https://www.kijiji.ca/v-cars-trucks/markham-york-region/toyota-sienna/1357170346
Toyota,Sienna,2004,Toyota Sienna V6 AS IS,2500,"Aurora, ON L4G7G4",343000,2018-05-23 19:27:15,https://www.kijiji.ca/v-cars-trucks/markham-york-region/toyota-sienna-v6-as-is/1357260329
Toyota,Sienna,2002,Car for sale,3400,"Vaughan, ON L4H2B6",228000,2018-05-23 23:44:43,https://www.kijiji.ca/v-cars-trucks/markham-york-region/car-for-sale/1357321302
Toyota,Sienna,2017,2017 Toyota Sienna 7-Passenger V6,28995,"12050 Albion Vaughan Road, Bolton, ON, L7E 1S7",55346,2018-05-24 00:17:41,https://www.kijiji.ca/v-cars-trucks/mississauga-peel-region/2017-toyota-sienna-7-passenger-v6/1349652311
Toyota,Sienna,2009,"2009 Toyota Sienna LE,LEATHER,PW,PL,AC,POWER SLIDING DOOR,CERT",6900,"11409 Trafalgar Road, Georgetown, ON, L7G4S4",267427,2018-05-25 21:54:05,https://www.kijiji.ca/v-cars-trucks/oakville-halton-region/2009-toyota-sienna-le-leather-pw-pl-ac-power-sliding-door-cert/1357806704
Toyota,Sienna,2012,2012 Toyota Sienna LE/AUTO/ALLOYS/ROOF RACKS/7-PASSENGER!!,14995,"4663 Kingston Road, Toronto, ON, M1E 2P8",143829,2018-05-24 18:48:01,https://www.kijiji.ca/v-cars-trucks/city-of-toronto/2012-toyota-sienna-le-auto-alloys-roof-racks-7-passenger/1357504668
Toyota,Sienna,2013,2013 Toyota Sienna LE,14900,"690 Queen Street West, Brampton, ON, L6X 3E1",148000,2018-05-24 00:19:03,https://www.kijiji.ca/v-cars-trucks/mississauga-peel-region/2013-toyota-sienna-le/1349721570
Toyota,Sienna,2004,2004 Toyota Sienna 4dr CE 7-Passenger,3400,"Scarborough, ON M1X1Z8",235000,2018-05-24 19:34:34,https://www.kijiji.ca/v-cars-trucks/city-of-toronto/2004-toyota-sienna-4dr-ce-7-passenger/1357513037
Toyota,Sienna,2007,"2007 Toyota Sienna LE Minivan, Van",5000,"Mississauga, ON L5N8G6",257000,2018-05-24 01:50:02,https://www.kijiji.ca/v-cars-trucks/city-of-toronto/2007-toyota-sienna-le-minivan-van/1357349768
Toyota,Sienna,2005,2005 Toyota Sienna 8 seater ,6499,"2461 St Clair Ave W, Toronto, ON M6N 1K9, Canada",220000,2018-05-24 11:34:23,https://www.kijiji.ca/v-cars-trucks/city-of-toronto/2005-toyota-sienna-8-seater/1357397862
Toyota,Sienna,2005,"2005 Toyota Sienna CE Minivan, Van $4200",4200,"55 The Esplanade, Toronto, ON M5E 1A6, Canada",270,2018-05-24 12:46:31,https://www.kijiji.ca/v-cars-trucks/city-of-toronto/2005-toyota-sienna-ce-minivan-van-4200/1357375963
Toyota,Sienna,2008,2008 Toyota Sienna 8 Passenger DVD,8250,"26 Bramsteele Road, Brampton, ON, L6W1B3",161000,2018-05-24 21:18:14,https://www.kijiji.ca/v-cars-trucks/mississauga-peel-region/2008-toyota-sienna-8-passenger-dvd/1357543194
Toyota,Sienna,2018,2018 Toyota Sienna Limited 7-Passenger  - Navigation - $400.36 B,52575,"11240 Yonge Street, Richmond Hill, ON, L4S 1K9",None,2018-05-24 18:48:01,https://www.kijiji.ca/v-cars-trucks/markham-york-region/2018-toyota-sienna-limited-7-passenger-navigation-400-36-b/1357504189
Toyota,Sienna,2009,2009 Toyota Sienna  XLE LOADED (AWD) NAVI .SUNROOF.CAMERA..POWER,13500,"64 Old Kennedy Rd, Markham, ON L3R 0L6, Canada",121807,2018-05-25 01:24:28,https://www.kijiji.ca/v-cars-trucks/city-of-toronto/2009-toyota-sienna-xle-loaded-awd-navi-sunroof-camera-power/1357596460
Toyota,Sienna,2008,2008 Toyota Sienna LE AWD,6995,"8193 Esquesing Line,, Milton, ON, L9T 2X9",254000,2018-05-25 04:24:00,https://www.kijiji.ca/v-cars-trucks/oakville-halton-region/2008-toyota-sienna-le-awd/1357624117
Toyota,Sienna,2015,2015 Toyota Sienna LTD AWD \ ACC FREE \ NAVI \ BTOOTH \ BACM \ L,34390,"5362 Highway 7, Markham, ON, L3P 1B9",100102,2018-05-25 08:36:00,https://www.kijiji.ca/v-cars-trucks/markham-york-region/2015-toyota-sienna-ltd-awd-acc-free-navi-btooth-bacm-l/1357636360
Toyota,Sienna,2015,Toyota Sienna 2015 the list mileage,23500,"Coin Street, Etobicoke, ON",62408,2018-05-25 19:59:56,https://www.kijiji.ca/v-cars-trucks/city-of-toronto/toyota-sienna-2015-the-list-mileage/1357779908
Toyota,Sienna,2006,Toyota Sienna,7500,"Vaughan, ON L6A0K2",200000,,https://www.kijiji.ca/v-cars-trucks/markham-york-region/toyota-sienna/1355660448
Toyota,Sienna,2011,"2011 Toyota Sienna: Accident Free, AC, Alloys, Auto,",9699,"60 Eastern Ave, Brampton, ON L6W 1X8, Canada",260859,2018-05-25 21:26:05,https://www.kijiji.ca/v-cars-trucks/city-of-toronto/2011-toyota-sienna:-accident-free-ac-alloys-auto/1357797564
Toyota,Sienna,2005,2005 Toyota Sienna LE,4600,"Ajax, ON L1T",271665,,https://www.kijiji.ca/v-cars-trucks/oshawa-durham-region/2005-toyota-sienna-le/1355673238
Toyota,Sienna,2008,2008 Toyota Sienna LE,7900,"Milton, ON L9T1N1",148012,,https://www.kijiji.ca/v-cars-trucks/oakville-halton-region/2008-toyota-sienna-le/1355695751
Toyota,Sienna,2004,Toyota Sienna,5400,"148 Markville Rd, Unionville, ON L3R 4V6, Canada",206000,,https://www.kijiji.ca/v-cars-trucks/markham-york-region/toyota-sienna/1355749228
Toyota,Sienna,2004,2004 Toyota Sienna LE,7300,"Toronto, ON M3C1S3",224000,,https://www.kijiji.ca/v-cars-trucks/city-of-toronto/2004-toyota-sienna-le/1355750865
Toyota,Sienna,2007,"2007 Toyota Sienna Minivan, Van",4000,"Markham, ON L3S2N8",260000,,https://www.kijiji.ca/v-cars-trucks/markham-york-region/2007-toyota-sienna-minivan-van/1340442009
Toyota,Sienna,2012,2012 Toyota Sienna,7699,"Brampton, ON L6V3N9",233000,,https://www.kijiji.ca/v-cars-trucks/mississauga-peel-region/2012-toyota-sienna/1355858738
Toyota,Sienna,2010,Toyota Sienna 2010 LE,9700,"Etobicoke, ON M8Z 5G5",161000,,https://www.kijiji.ca/v-cars-trucks/mississauga-peel-region/toyota-sienna-2010-le/1356159680
Toyota,Sienna,2000,"2000 Toyota Sienna Minivan, Van",1690,"Toronto, ON M9B5Z7",360000,2018-05-20 20:30:37,https://www.kijiji.ca/v-cars-trucks/city-of-toronto/2000-toyota-sienna-minivan-van/1356471923
Toyota,Sienna,2004,2004 Toyota Sienna LE,6500,"Brampton, ON L6X3L7",192000,,https://www.kijiji.ca/v-cars-trucks/mississauga-peel-region/2004-toyota-sienna-le/1355055882
Toyota,Sienna,2002,"2002 Toyota Sienna CE Minivan, Van for sale",2750,"212 Riverwalk Dr, Markham, ON L6B 0G8, Canada",197000,,https://www.kijiji.ca/v-cars-trucks/markham-york-region/2002-toyota-sienna-ce-minivan-van-for-sale/1354990941
Toyota,Sienna,2008,2008 toyota sienna CERTIFIED!!!!! $6700,6700,"407 Prestwick Ct, Oshawa, ON L1J 7R6, Canada",247000,,https://www.kijiji.ca/v-cars-trucks/oshawa-durham-region/2008-toyota-sienna-certified-6700/1355302559
Toyota,Sienna,1998,1998 Toyota Sienna,1800,"Brampton, ON L6Y3R4",232000,,https://www.kijiji.ca/v-cars-trucks/mississauga-peel-region/1998-toyota-sienna/1355275039
Toyota,Sienna,2005,"2005 Toyota Sienna CE - KM (248,951)",5000,"415 The Westway, Etobicoke, ON M9R 3R4, Canada",248951,,https://www.kijiji.ca/v-cars-trucks/city-of-toronto/2005-toyota-sienna-ce-km-248-951/1355533726
Toyota,Sienna,2000,2000 Toyota Sienna,1800,"Toronto, ON M1N1R5",490000,2018-05-21 11:30:00,https://www.kijiji.ca/v-cars-trucks/city-of-toronto/2000-toyota-sienna/1356512501
Toyota,Sienna,2002,Toyota sienna,2200,"100 Duncanwoods Dr, North York, ON M9L 2C7, Canada",283,2018-05-21 18:30:49,https://www.kijiji.ca/v-cars-trucks/city-of-toronto/toyota-sienna/1356686883
Toyota,Sienna,2005,2005 Toyota Sienna XLE,7495,"1271 Kennedy Road, Scarborough, ON, M1P 2L4",196466,2018-05-22 00:56:03,https://www.kijiji.ca/v-cars-trucks/city-of-toronto/2005-toyota-sienna-xle/1292267955
Toyota,Sienna,2008,2008 TOYOTA SIENNA -LE- For Sale!!,4499.99,"25 Cougar Ct, Scarborough, ON M1J 3E5, Canada",280000,2018-05-22 06:03:39,https://www.kijiji.ca/v-cars-trucks/city-of-toronto/2008-toyota-sienna-le-for-sale/1356844219
Toyota,Sienna,2008,**STOP HERE**2008 Toyota Sienna*8 Pass*Mint Cond Fully Loaded,7900,"3585 Keele St #14, North York, ON M3J 3H5, Canada",108360,2018-05-22 17:04:42,https://www.kijiji.ca/v-cars-trucks/city-of-toronto/stop-here-2008-toyota-sienna-8-pass-mint-cond-fully-loaded/1356947018
Toyota,Sienna,2008,2008 Toyota Sienna CE 7 Passenger AS-IS SUPER SAVER,5288,"1871 McCowan Road, Scarborough, ON, M1S 4L4",179365,2018-05-22 22:00:03,https://www.kijiji.ca/v-cars-trucks/city-of-toronto/2008-toyota-sienna-ce-7-passenger-as-is-super-saver/1357029407
Toyota,Sienna,2008,Toyota Sienna CE 2008 ,6300,"Vaughan, ON L4H1N2",280,,https://www.kijiji.ca/v-cars-trucks/mississauga-peel-region/toyota-sienna-ce-2008/1352195211
Toyota,Sienna,2010,Toyota Sienna 2010 LE,9700,"Etobicoke, ON M8Z 5G5",161000,,https://www.kijiji.ca/v-cars-trucks/mississauga-peel-region/toyota-sienna-2010-le/1354683824
Toyota,Sienna,2006,2006 Toyota Siena for sale,2500,"Mississauga, ON L5B4B4",400000,,https://www.kijiji.ca/v-cars-trucks/city-of-toronto/2006-toyota-siena-for-sale/1354767901
Toyota,Sienna,2006,Toyota Sienna 2006,3600,"Toronto, ON M3J2V7",380000,,https://www.kijiji.ca/v-cars-trucks/city-of-toronto/toyota-sienna-2006/1354697820
Toyota,Sienna,2005,"2005 Toyota sienna XLE ,7 passenger.",3795,"Toronto, ON M2M2Y6",340,,https://www.kijiji.ca/v-cars-trucks/markham-york-region/2005-toyota-sienna-xle-7-passenger/1354678149
Toyota,Sienna,2001,Toyota Sienna 2001,3500,"Toronto, ON M9R1H7",191245,,https://www.kijiji.ca/v-cars-trucks/city-of-toronto/toyota-sienna-2001/1354725387
Toyota,Sienna,2000,"2000 Toyota Sienna Minivan, Van",3500,"Toronto, ON M1L2P5",227,,https://www.kijiji.ca/v-cars-trucks/city-of-toronto/2000-toyota-sienna-minivan-van/1322041439
Toyota,Sienna,2005,"2005 Toyota Sienna Tinted Glasses Minivan, Van",8900,"Ajax, ON L1S0C5",200,,https://www.kijiji.ca/v-cars-trucks/oshawa-durham-region/2005-toyota-sienna-tinted-glasses-minivan-van/1352568724
Toyota,Sienna,2005,"2005 Toyota Sienna CE Minivan, Van",4200,"55 The Esplanade, Toronto, ON M5E 1A6, Canada",270,,https://www.kijiji.ca/v-cars-trucks/city-of-toronto/2005-toyota-sienna-ce-minivan-van/1352703095
Toyota,Sienna,2005,2005 Toyota Sienna LE AWD,7500,"Toronto, ON M6E2H4",255000,,https://www.kijiji.ca/v-cars-trucks/city-of-toronto/2005-toyota-sienna-le-awd/1352969084
Toyota,Sienna,2011,2011 Toyota Sienna,9500,"Richmond Hill, ON L4E3B3",242666,,https://www.kijiji.ca/v-cars-trucks/markham-york-region/2011-toyota-sienna/1353520032
Toyota,Sienna,1998,Toyota Sienna LE 1998 ,1500,"North York, ON M9M 1P8, Canada",253000,,https://www.kijiji.ca/v-cars-trucks/city-of-toronto/toyota-sienna-le-1998/1353625692
Toyota,Sienna,2013,Toyota Sienna XLE  2013,25000,"Toronto, ON M1V1R2",105,,https://www.kijiji.ca/v-cars-trucks/city-of-toronto/toyota-sienna-xle-2013/1326307144
Toyota,Sienna,2006,Toyota sienna,4990,"Brampton, ON L6R3L6",200000,,https://www.kijiji.ca/v-cars-trucks/mississauga-peel-region/toyota-sienna/1353708162
Toyota,Sienna,2011,2011 Toyota Sienna LE,15500,"North York, ON M3C2B4",132000,,https://www.kijiji.ca/v-cars-trucks/city-of-toronto/2011-toyota-sienna-le/1353966095
Toyota,Sienna,2005,2005 Toyota Sienna CIE Minivan,4995,"Toronto, ON M1P2S5",248,,https://www.kijiji.ca/v-cars-trucks/city-of-toronto/2005-toyota-sienna-cie-minivan/1349466970
Toyota,Sienna,2006,Toyota Siena,4500,"20 Redgrave Dr, Etobicoke, ON M9R 3T8, Canada",248000,,https://www.kijiji.ca/v-cars-trucks/mississauga-peel-region/toyota-siena/1354025808
Toyota,Sienna,1998,Toyota Sienna van 1998,1000,L3T2C6,221050,,https://www.kijiji.ca/v-cars-trucks/city-of-toronto/toyota-sienna-van-1998/1354218055
Toyota,Sienna,2004,"Toyota Sienna 2004,  8 Seater",3969,"Mississauga, ON L5M6S7",258800,,https://www.kijiji.ca/v-cars-trucks/mississauga-peel-region/toyota-sienna-2004-8-seater/1354542651
Toyota,Sienna,2005,"2005 Toyota Sienna CE Minivan, Van $4200",4200,"55 The Esplanade, Toronto, ON M5E 1A6, Canada",270,,https://www.kijiji.ca/v-cars-trucks/city-of-toronto/2005-toyota-sienna-ce-minivan-van-4200/1354470725
Toyota,Sienna,2005,2005 Toyota Sienna,4000,"Scarborough, ON M1G1E2",312000,,https://www.kijiji.ca/v-cars-trucks/city-of-toronto/2005-toyota-sienna/1354663370
Toyota,Sienna,2011,"2011 Toyota Sienna LE Minivan, Van",14950,"Corner Brook, NL A2H3L8",92000,,https://www.kijiji.ca/v-cars-trucks/city-of-toronto/2011-toyota-sienna-le-minivan-van/1349814542
Toyota,Sienna,2004,toyota sienna,4500,"35 Cedarcroft Blvd, North York, ON M2R 2Z4, Canada",240000,,https://www.kijiji.ca/v-cars-trucks/city-of-toronto/toyota-sienna/1349831857
Chevrolet,Equinox,2006,2006 CHEVROLET EQUINOX Second owner Car emissions inspection tes,3500,"55 The Esplanade, Toronto, ON M5E 1A6, Canada",160,,https://www.kijiji.ca/v-cars-trucks/city-of-toronto/2006-chevrolet-equinox-second-owner-car-emissions-inspection-tes/1350301940
Toyota,Sienna,2005,"2005 Toyota Sienna CE Minivan, Van",4200,"55 The Esplanade, Toronto, ON M5E 1A6, Canada",270,,https://www.kijiji.ca/v-cars-trucks/city-of-toronto/2005-toyota-sienna-ce-minivan-van/1350300713
Toyota,Sienna,2006,2006 Toyota Sienna ,7700,"Brampton, ON L6R2B7",171702,,https://www.kijiji.ca/v-cars-trucks/mississauga-peel-region/2006-toyota-sienna/1350340312
Toyota,Sienna,2007,"2007 Toyota Sienna LE Minivan, Van",7200,"Newmarket, ON L3X3J5",180000,,https://www.kijiji.ca/v-cars-trucks/markham-york-region/2007-toyota-sienna-le-minivan-van/1350348828
Toyota,Sienna,2016,"2016  ACCESSIBLE Toyota Sienna Minivan, Van",59999,"York, ON M9N1P3",18000,,https://www.kijiji.ca/v-cars-trucks/city-of-toronto/2016-accessible-toyota-sienna-minivan-van/1336790557
Toyota,Sienna,2013,Toyota Sienna 2013 SE,21000,"Markham, ON L6E2A8",145000,,https://www.kijiji.ca/v-cars-trucks/markham-york-region/toyota-sienna-2013-se/1350282821
Toyota,Sienna,2008,Toyota Sienna 2008 LE  Minivan 8 seats very good condition.,8200,"Markham, ON L3S3V5",186000,,https://www.kijiji.ca/v-cars-trucks/markham-york-region/toyota-sienna-2008-le-minivan-8-seats-very-good-condition/1349011597
Toyota,Sienna,2004,Toyota Sienna 2004 for sale ,3800,"Brampton, ON L6X4Y4",275123,,https://www.kijiji.ca/v-cars-trucks/mississauga-peel-region/toyota-sienna-2004-for-sale/1349182031
Toyota,Sienna,2005,2005 Toyota Sienna CIE Minivan,5500,"Toronto, ON M1P2S5",248,,https://www.kijiji.ca/v-cars-trucks/city-of-toronto/2005-toyota-sienna-cie-minivan/1349273247
Toyota,Sienna,2005,2005 Toyota Sienna CE FWD,7999,"York, ON L4H1C3",180000,,https://www.kijiji.ca/v-cars-trucks/markham-york-region/2005-toyota-sienna-ce-fwd/1349458687
Toyota,Sienna,2006,"2006 Toyota Sienna Minivan, Van",5500,"4544 Crosswinds Dr, Mississauga, ON L5V 1G3, Canada",202200,,https://www.kijiji.ca/v-cars-trucks/mississauga-peel-region/2006-toyota-sienna-minivan-van/1350572200
Honda,Odyssey,2005,Wanted: ,None,"Toronto, ON M2R1K8",150000,,https://www.kijiji.ca/v-cars-trucks/city-of-toronto/buying-honda-odyssey-2005-or-toyota-sienna-2005/1350613257
Toyota,Sienna,1998,"1998 Toyota Sienna LE Minivan, Van",1300,"Markham, ON L3R5W9",283260,,https://www.kijiji.ca/v-cars-trucks/markham-york-region/1998-toyota-sienna-le-minivan-van/1349726741
Toyota,Sienna,2005,"2005 Toyota Sienna LE Minivan, Van",4950,"80 Nashdene Rd, Scarborough, ON M1V 5E4, Canada",285000,,https://www.kijiji.ca/v-cars-trucks/city-of-toronto/2005-toyota-sienna-le-minivan-van/1351659330
Toyota,Sienna,2002,"2002 Toyota Sienna, Synthetic Oil, 1 Minor Rust Spot",2500,"Oakville, ON L6J6X1",241000,,https://www.kijiji.ca/v-cars-trucks/oakville-halton-region/2002-toyota-sienna-synthetic-oil-1-minor-rust-spot/1351797255
Toyota,Sienna,2013,"Toyota Sienna 2013, 8 passenger for sale",19000,"Mississauga, ON L5R3K1",104000,,https://www.kijiji.ca/v-cars-trucks/mississauga-peel-region/toyota-sienna-2013-8-passenger-for-sale/1352051092
Toyota,Sienna,2008,"2008 Toyota Sienna Minivan, Van",6500,"Oakville, ON L6M3R6",216100,,https://www.kijiji.ca/v-cars-trucks/city-of-toronto/2008-toyota-sienna-minivan-van/1352104632
